interaction_id,entry_time,exit_time,side,pattern_id,pattern_name,entry_price,exit_price,stop_price,target_price,exit_reason,gross_ticks,net_ticks,net_usd
1758634221,2025-09-23 13:30:21.000,2025-09-23 13:30:25.704888,SHORT,1,P1_ASK_CONT_SELL_INSIDE_HVOL_OPEN,24994.5,24991.0,24996.5,24990.5,TARGET,14.0,10.6,5.3
1758634257,2025-09-23 13:30:57.000,2025-09-23 13:30:59.106356,SHORT,1,P1_ASK_CONT_SELL_INSIDE_HVOL_OPEN,24993.0,24995.5,24995.0,24989.0,STOP,-10.0,-13.4,-6.7
1758634292,2025-09-23 13:31:32.400,2025-09-23 13:31:33.093448,SHORT,1,P1_ASK_CONT_SELL_INSIDE_HVOL_OPEN,24989.5,24992.0,24991.5,24985.5,STOP,-10.0,-13.4,-6.7
1758634390,2025-09-23 13:33:10.800,2025-09-23 13:33:14.691845,SHORT,1,P1_ASK_CONT_SELL_INSIDE_HVOL_OPEN,24991.25,24993.75,24993.25,24987.25,STOP,-10.0,-13.4,-6.7
1758634491,2025-09-23 13:34:51.200,2025-09-23 13:34:52.284251,SHORT,1,P1_ASK_CONT_SELL_INSIDE_HVOL_OPEN,24993.5,24996.0,24995.5,24989.5,STOP,-10.0,-13.4,-6.7
1758634523,2025-09-23 13:35:23.500,2025-09-23 13:35:25.484893,SHORT,1,P1_ASK_CONT_SELL_INSIDE_HVOL_OPEN,24989.5,24986.0,24991.5,24985.5,TARGET,14.0,10.6,5.3
1758634572,2025-09-23 13:36:12.500,2025-09-23 13:36:13.096572,SHORT,1,P1_ASK_CONT_SELL_INSIDE_HVOL_OPEN,24984.0,24986.5,24986.0,24980.0,STOP,-10.0,-13.4,-6.7
1758634647,2025-09-23 13:37:27.900,2025-09-23 13:37:30.723535,SHORT,1,P1_ASK_CONT_SELL_INSIDE_HVOL_OPEN,24974.5,24971.0,24976.5,24970.5,TARGET,14.0,10.6,5.3
1758634715,2025-09-23 13:38:35.700,2025-09-23 13:38:41.366626,SHORT,1,P1_ASK_CONT_SELL_INSIDE_HVOL_OPEN,24980.75,24983.25,24982.75,24976.75,STOP,-10.0,-13.4,-6.7
1758634766,2025-09-23 13:39:26.100,2025-09-23 13:39:27.579589,SHORT,1,P1_ASK_CONT_SELL_INSIDE_HVOL_OPEN,24983.0,24985.5,24985.0,24979.0,STOP,-10.0,-13.4,-6.7
1758634800,2025-09-23 13:40:00.800,2025-09-23 13:40:07.383545,SHORT,1,P1_ASK_CONT_SELL_INSIDE_HVOL_OPEN,24978.0,24980.5,24980.0,24974.0,STOP,-10.0,-13.4,-6.7
1758634843,2025-09-23 13:40:43.100,2025-09-23 13:40:51.474783,SHORT,1,P1_ASK_CONT_SELL_INSIDE_HVOL_OPEN,24970.75,24967.25,24972.75,24966.75,TARGET,14.0,10.6,5.3
1758634886,2025-09-23 13:41:26.200,2025-09-23 13:41:31.184656,SHORT,1,P1_ASK_CONT_SELL_INSIDE_HVOL_OPEN,24953.5,24956.0,24955.5,24949.5,STOP,-10.0,-13.4,-6.7
1758634946,2025-09-23 13:42:26.700,2025-09-23 13:42:27.786940,SHORT,1,P1_ASK_CONT_SELL_INSIDE_HVOL_OPEN,24954.5,24957.0,24956.5,24950.5,STOP,-10.0,-13.4,-6.7
1758634990,2025-09-23 13:43:10.200,2025-09-23 13:43:17.700095,SHORT,1,P1_ASK_CONT_SELL_INSIDE_HVOL_OPEN,24950.0,24946.5,24952.0,24946.0,TARGET,14.0,10.6,5.3
1758635029,2025-09-23 13:43:49.800,2025-09-23 13:43:56.394629,SHORT,1,P1_ASK_CONT_SELL_INSIDE_HVOL_OPEN,24947.25,24949.75,24949.25,24943.25,STOP,-10.0,-13.4,-6.7
1758635073,2025-09-23 13:44:33.500,2025-09-23 13:44:39.390550,SHORT,1,P1_ASK_CONT_SELL_INSIDE_HVOL_OPEN,24959.5,24956.0,24961.5,24955.5,TARGET,14.0,10.6,5.3
1758635129,2025-09-23 13:45:29.600,2025-09-23 13:45:33.599253,SHORT,1,P1_ASK_CONT_SELL_INSIDE_HVOL_OPEN,24953.75,24950.25,24955.75,24949.75,TARGET,14.0,10.6,5.3
1758635186,2025-09-23 13:46:26.400,2025-09-23 13:46:41.954322,SHORT,1,P1_ASK_CONT_SELL_INSIDE_HVOL_OPEN,24959.75,24956.25,24961.75,24955.75,TARGET,14.0,10.6,5.3
1758635235,2025-09-23 13:47:15.400,2025-09-23 13:47:21.070320,SHORT,1,P1_ASK_CONT_SELL_INSIDE_HVOL_OPEN,24953.75,24956.25,24955.75,24949.75,STOP,-10.0,-13.4,-6.7
1758635271,2025-09-23 13:47:51.200,2025-09-23 13:48:00.311093,SHORT,1,P1_ASK_CONT_SELL_INSIDE_HVOL_OPEN,24957.25,24953.75,24959.25,24953.25,TARGET,14.0,10.6,5.3
1758635353,2025-09-23 13:49:13.900,2025-09-23 13:49:19.722317,SHORT,1,P1_ASK_CONT_SELL_INSIDE_HVOL_OPEN,24967.75,24964.25,24969.75,24963.75,TARGET,14.0,10.6,5.3
1758635397,2025-09-23 13:49:57.400,2025-09-23 13:50:03.313611,SHORT,1,P1_ASK_CONT_SELL_INSIDE_HVOL_OPEN,24955.5,24958.0,24957.5,24951.5,STOP,-10.0,-13.4,-6.7
1758635434,2025-09-23 13:50:34.100,2025-09-23 13:50:37.772793,SHORT,1,P1_ASK_CONT_SELL_INSIDE_HVOL_OPEN,24951.5,24948.0,24953.5,24947.5,TARGET,14.0,10.6,5.3
1758635469,2025-09-23 13:51:09.900,2025-09-23 13:51:13.323193,SHORT,1,P1_ASK_CONT_SELL_INSIDE_HVOL_OPEN,24957.75,24960.25,24959.75,24953.75,STOP,-10.0,-13.4,-6.7
1758635504,2025-09-23 13:51:44.800,2025-09-23 13:51:57.556215,SHORT,1,P1_ASK_CONT_SELL_INSIDE_HVOL_OPEN,24956.5,24959.0,24958.5,24952.5,STOP,-10.0,-13.4,-6.7
1758635557,2025-09-23 13:52:37.400,2025-09-23 13:52:47.715772,SHORT,1,P1_ASK_CONT_SELL_INSIDE_HVOL_OPEN,24964.75,24967.25,24966.75,24960.75,STOP,-10.0,-13.4,-6.7
1758635609,2025-09-23 13:53:29.800,2025-09-23 13:53:52.660104,SHORT,1,P1_ASK_CONT_SELL_INSIDE_HVOL_OPEN,24969.0,24965.5,24971.0,24965.0,TARGET,14.0,10.6,5.3
1758635670,2025-09-23 13:54:30.400,2025-09-23 13:54:35.818312,SHORT,1,P1_ASK_CONT_SELL_INSIDE_HVOL_OPEN,24955.5,24952.0,24957.5,24951.5,TARGET,14.0,10.6,5.3
1758635706,2025-09-23 13:55:06.000,2025-09-23 13:55:08.670859,SHORT,1,P1_ASK_CONT_SELL_INSIDE_HVOL_OPEN,24947.0,24943.5,24949.0,24943.0,TARGET,14.0,10.6,5.3
1758635780,2025-09-23 13:56:20.900,2025-09-23 13:56:22.187750,SHORT,1,P1_ASK_CONT_SELL_INSIDE_HVOL_OPEN,24944.75,24947.25,24946.75,24940.75,STOP,-10.0,-13.4,-6.7
1758635858,2025-09-23 13:57:38.800,2025-09-23 13:58:08.839426,SHORT,1,P1_ASK_CONT_SELL_INSIDE_HVOL_OPEN,24946.0,24942.5,24948.0,24942.0,TARGET,14.0,10.6,5.3
1758636108,2025-09-23 14:01:48.400,2025-09-23 14:01:50.731688,SHORT,1,P1_ASK_CONT_SELL_INSIDE_HVOL_OPEN,24948.25,24950.75,24950.25,24944.25,STOP,-10.0,-13.4,-6.7
1758636143,2025-09-23 14:02:23.800,2025-09-23 14:02:41.263898,SHORT,1,P1_ASK_CONT_SELL_INSIDE_HVOL_OPEN,24942.0,24944.5,24944.0,24938.0,STOP,-10.0,-13.4,-6.7
1758636194,2025-09-23 14:03:14.100,2025-09-23 14:03:26.955969,SHORT,1,P1_ASK_CONT_SELL_INSIDE_HVOL_OPEN,24944.75,24947.25,24946.75,24940.75,STOP,-10.0,-13.4,-6.7
1758636295,2025-09-23 14:04:55.400,2025-09-23 14:05:21.695514,SHORT,1,P1_ASK_CONT_SELL_INSIDE_HVOL_OPEN,24943.0,24945.5,24945.0,24939.0,STOP,-10.0,-13.4,-6.7
1758636353,2025-09-23 14:05:53.400,2025-09-23 14:06:01.790228,SHORT,1,P1_ASK_CONT_SELL_INSIDE_HVOL_OPEN,24955.0,24957.5,24957.0,24951.0,STOP,-10.0,-13.4,-6.7
1758636403,2025-09-23 14:06:43.600,2025-09-23 14:07:18.757918,SHORT,1,P1_ASK_CONT_SELL_INSIDE_HVOL_OPEN,24955.0,24951.5,24957.0,24951.0,TARGET,14.0,10.6,5.3
1758636468,2025-09-23 14:07:48.800,2025-09-23 14:07:52.732226,SHORT,1,P1_ASK_CONT_SELL_INSIDE_HVOL_OPEN,24946.5,24949.0,24948.5,24942.5,STOP,-10.0,-13.4,-6.7
1758636503,2025-09-23 14:08:23.600,2025-09-23 14:08:37.463217,SHORT,1,P1_ASK_CONT_SELL_INSIDE_HVOL_OPEN,24944.75,24947.25,24946.75,24940.75,STOP,-10.0,-13.4,-6.7
1758636582,2025-09-23 14:09:42.300,2025-09-23 14:09:50.391445,SHORT,1,P1_ASK_CONT_SELL_INSIDE_HVOL_OPEN,24949.5,24952.0,24951.5,24945.5,STOP,-10.0,-13.4,-6.7
1758636657,2025-09-23 14:10:57.000,2025-09-23 14:11:05.465100,SHORT,1,P1_ASK_CONT_SELL_INSIDE_HVOL_OPEN,24957.25,24959.75,24959.25,24953.25,STOP,-10.0,-13.4,-6.7
1758636696,2025-09-23 14:11:36.100,2025-09-23 14:11:42.320512,SHORT,1,P1_ASK_CONT_SELL_INSIDE_HVOL_OPEN,24954.0,24950.5,24956.0,24950.0,TARGET,14.0,10.6,5.3
1758636739,2025-09-23 14:12:19.400,2025-09-23 14:12:24.884743,SHORT,1,P1_ASK_CONT_SELL_INSIDE_HVOL_OPEN,24946.0,24948.5,24948.0,24942.0,STOP,-10.0,-13.4,-6.7
1758636803,2025-09-23 14:13:23.600,2025-09-23 14:13:30.025181,SHORT,1,P1_ASK_CONT_SELL_INSIDE_HVOL_OPEN,24950.25,24952.75,24952.25,24946.25,STOP,-10.0,-13.4,-6.7
1758636853,2025-09-23 14:14:13.300,2025-09-23 14:14:16.226801,SHORT,1,P1_ASK_CONT_SELL_INSIDE_HVOL_OPEN,24955.0,24957.5,24957.0,24951.0,STOP,-10.0,-13.4,-6.7
1758636909,2025-09-23 14:15:09.500,2025-09-23 14:15:32.133253,SHORT,4,P4_ASK_FLIP_INSIDE_HVOL_MIDDAY,24956.75,24953.25,24958.75,24952.75,TARGET,14.0,10.6,5.3
1758636982,2025-09-23 14:16:22.900,2025-09-23 14:16:30.947400,SHORT,4,P4_ASK_FLIP_INSIDE_HVOL_MIDDAY,24954.5,24951.0,24956.5,24950.5,TARGET,14.0,10.6,5.3
1758637034,2025-09-23 14:17:14.200,2025-09-23 14:17:23.177956,SHORT,4,P4_ASK_FLIP_INSIDE_HVOL_MIDDAY,24953.0,24955.5,24955.0,24949.0,STOP,-10.0,-13.4,-6.7
1758637076,2025-09-23 14:17:56.000,2025-09-23 14:17:59.481048,SHORT,4,P4_ASK_FLIP_INSIDE_HVOL_MIDDAY,24951.5,24954.0,24953.5,24947.5,STOP,-10.0,-13.4,-6.7
1758637119,2025-09-23 14:18:39.300,2025-09-23 14:19:02.017305,SHORT,4,P4_ASK_FLIP_INSIDE_HVOL_MIDDAY,24957.75,24954.25,24959.75,24953.75,TARGET,14.0,10.6,5.3
1758637188,2025-09-23 14:19:48.100,2025-09-23 14:20:03.294762,SHORT,4,P4_ASK_FLIP_INSIDE_HVOL_MIDDAY,24957.5,24960.0,24959.5,24953.5,STOP,-10.0,-13.4,-6.7
1758637247,2025-09-23 14:20:47.500,2025-09-23 14:21:00.225289,SHORT,4,P4_ASK_FLIP_INSIDE_HVOL_MIDDAY,24954.25,24950.75,24956.25,24950.25,TARGET,14.0,10.6,5.3
1758637316,2025-09-23 14:21:56.800,2025-09-23 14:22:00.395411,SHORT,4,P4_ASK_FLIP_INSIDE_HVOL_MIDDAY,24947.75,24950.25,24949.75,24943.75,STOP,-10.0,-13.4,-6.7
1758637356,2025-09-23 14:22:36.900,2025-09-23 14:22:40.486293,SHORT,4,P4_ASK_FLIP_INSIDE_HVOL_MIDDAY,24942.75,24945.25,24944.75,24938.75,STOP,-10.0,-13.4,-6.7
1758637390,2025-09-23 14:23:10.600,2025-09-23 14:23:34.421731,SHORT,4,P4_ASK_FLIP_INSIDE_HVOL_MIDDAY,24948.75,24951.25,24950.75,24944.75,STOP,-10.0,-13.4,-6.7
1758637456,2025-09-23 14:24:16.700,2025-09-23 14:24:19.243305,SHORT,4,P4_ASK_FLIP_INSIDE_HVOL_MIDDAY,24945.5,24948.0,24947.5,24941.5,STOP,-10.0,-13.4,-6.7
1758637571,2025-09-23 14:26:11.400,2025-09-23 14:26:24.067669,SHORT,4,P4_ASK_FLIP_INSIDE_HVOL_MIDDAY,24948.75,24945.25,24950.75,24944.75,TARGET,14.0,10.6,5.3
1758637625,2025-09-23 14:27:05.300,2025-09-23 14:27:21.172937,SHORT,4,P4_ASK_FLIP_INSIDE_HVOL_MIDDAY,24948.5,24951.0,24950.5,24944.5,STOP,-10.0,-13.4,-6.7
1758637675,2025-09-23 14:27:55.000,2025-09-23 14:28:01.286461,SHORT,4,P4_ASK_FLIP_INSIDE_HVOL_MIDDAY,24955.75,24958.25,24957.75,24951.75,STOP,-10.0,-13.4,-6.7
1758637794,2025-09-23 14:29:54.300,2025-09-23 14:30:06.299250,SHORT,4,P4_ASK_FLIP_INSIDE_HVOL_MIDDAY,24954.5,24957.0,24956.5,24950.5,STOP,-10.0,-13.4,-6.7
1758637844,2025-09-23 14:30:44.600,2025-09-23 14:30:51.370891,SHORT,4,P4_ASK_FLIP_INSIDE_HVOL_MIDDAY,24956.0,24952.5,24958.0,24952.0,TARGET,14.0,10.6,5.3
1758637933,2025-09-23 14:32:13.400,2025-09-23 14:32:25.883784,SHORT,4,P4_ASK_FLIP_INSIDE_HVOL_MIDDAY,24956.75,24953.25,24958.75,24952.75,TARGET,14.0,10.6,5.3
1758637989,2025-09-23 14:33:09.800,2025-09-23 14:33:34.321311,SHORT,4,P4_ASK_FLIP_INSIDE_HVOL_MIDDAY,24952.75,24955.25,24954.75,24948.75,STOP,-10.0,-13.4,-6.7
1758638055,2025-09-23 14:34:15.700,2025-09-23 14:35:05.323195,SHORT,4,P4_ASK_FLIP_INSIDE_HVOL_MIDDAY,24954.5,24951.0,24956.5,24950.5,TARGET,14.0,10.6,5.3
1758638135,2025-09-23 14:35:35.600,2025-09-23 14:35:42.185703,SHORT,4,P4_ASK_FLIP_INSIDE_HVOL_MIDDAY,24955.75,24958.25,24957.75,24951.75,STOP,-10.0,-13.4,-6.7
1758638207,2025-09-23 14:36:47.500,2025-09-23 14:36:52.498162,SHORT,4,P4_ASK_FLIP_INSIDE_HVOL_MIDDAY,24955.25,24951.75,24957.25,24951.25,TARGET,14.0,10.6,5.3
1758638244,2025-09-23 14:37:24.500,2025-09-23 14:37:36.499371,SHORT,4,P4_ASK_FLIP_INSIDE_HVOL_MIDDAY,24954.5,24957.0,24956.5,24950.5,STOP,-10.0,-13.4,-6.7
1758638390,2025-09-23 14:39:50.700,2025-09-23 14:39:57.739360,SHORT,4,P4_ASK_FLIP_INSIDE_HVOL_MIDDAY,24952.75,24955.25,24954.75,24948.75,STOP,-10.0,-13.4,-6.7
1758638459,2025-09-23 14:40:59.200,2025-09-23 14:41:02.779307,SHORT,4,P4_ASK_FLIP_INSIDE_HVOL_MIDDAY,24954.0,24956.5,24956.0,24950.0,STOP,-10.0,-13.4,-6.7
1758638641,2025-09-23 14:44:01.000,2025-09-23 14:44:16.763309,SHORT,4,P4_ASK_FLIP_INSIDE_HVOL_MIDDAY,24954.5,24951.0,24956.5,24950.5,TARGET,14.0,10.6,5.3
1758638688,2025-09-23 14:44:48.300,2025-09-23 14:45:03.741999,SHORT,4,P4_ASK_FLIP_INSIDE_HVOL_MIDDAY,24952.25,24954.75,24954.25,24948.25,STOP,-10.0,-13.4,-6.7
1758638740,2025-09-23 14:45:40.900,2025-09-23 14:46:04.084627,SHORT,4,P4_ASK_FLIP_INSIDE_HVOL_MIDDAY,24952.5,24949.0,24954.5,24948.5,TARGET,14.0,10.6,5.3
1758638796,2025-09-23 14:46:36.100,2025-09-23 14:46:49.389570,SHORT,4,P4_ASK_FLIP_INSIDE_HVOL_MIDDAY,24946.75,24943.25,24948.75,24942.75,TARGET,14.0,10.6,5.3
1758638852,2025-09-23 14:47:32.500,2025-09-23 14:47:34.789382,SHORT,4,P4_ASK_FLIP_INSIDE_HVOL_MIDDAY,24942.25,24944.75,24944.25,24938.25,STOP,-10.0,-13.4,-6.7
1758638898,2025-09-23 14:48:18.700,2025-09-23 14:49:22.072308,SHORT,4,P4_ASK_FLIP_INSIDE_HVOL_MIDDAY,24947.75,24950.25,24949.75,24943.75,STOP,-10.0,-13.4,-6.7
1758639017,2025-09-23 14:50:17.900,2025-09-23 14:50:34.783011,SHORT,4,P4_ASK_FLIP_INSIDE_HVOL_MIDDAY,24949.0,24945.5,24951.0,24945.0,TARGET,14.0,10.6,5.3
1758639073,2025-09-23 14:51:13.700,2025-09-23 14:51:40.966385,SHORT,4,P4_ASK_FLIP_INSIDE_HVOL_MIDDAY,24952.25,24948.75,24954.25,24948.25,TARGET,14.0,10.6,5.3
1758639131,2025-09-23 14:52:11.700,2025-09-23 14:52:13.800149,SHORT,4,P4_ASK_FLIP_INSIDE_HVOL_MIDDAY,24948.5,24945.0,24950.5,24944.5,TARGET,14.0,10.6,5.3
1758639164,2025-09-23 14:52:44.700,2025-09-23 14:52:55.903801,SHORT,4,P4_ASK_FLIP_INSIDE_HVOL_MIDDAY,24943.0,24945.5,24945.0,24939.0,STOP,-10.0,-13.4,-6.7
1758639207,2025-09-23 14:53:27.700,2025-09-23 14:54:11.744055,SHORT,4,P4_ASK_FLIP_INSIDE_HVOL_MIDDAY,24949.25,24951.75,24951.25,24945.25,STOP,-10.0,-13.4,-6.7
1758639417,2025-09-23 14:56:57.800,2025-09-23 14:57:00.520100,SHORT,4,P4_ASK_FLIP_INSIDE_HVOL_MIDDAY,24954.25,24956.75,24956.25,24950.25,STOP,-10.0,-13.4,-6.7
1758639467,2025-09-23 14:57:47.000,2025-09-23 14:57:58.998687,SHORT,4,P4_ASK_FLIP_INSIDE_HVOL_MIDDAY,24946.0,24948.5,24948.0,24942.0,STOP,-10.0,-13.4,-6.7
1758639515,2025-09-23 14:58:35.000,2025-09-23 14:59:20.696275,SHORT,4,P4_ASK_FLIP_INSIDE_HVOL_MIDDAY,24947.25,24949.75,24949.25,24943.25,STOP,-10.0,-13.4,-6.7
1758639599,2025-09-23 14:59:59.200,2025-09-23 15:00:02.007957,SHORT,4,P4_ASK_FLIP_INSIDE_HVOL_MIDDAY,24944.25,24946.75,24946.25,24940.25,STOP,-10.0,-13.4,-6.7
1758639636,2025-09-23 15:00:36.700,2025-09-23 15:00:43.210557,SHORT,4,P4_ASK_FLIP_INSIDE_HVOL_MIDDAY,24943.25,24939.75,24945.25,24939.25,TARGET,14.0,10.6,5.3
1758639675,2025-09-23 15:01:15.200,2025-09-23 15:01:26.451067,LONG,5,P5_BID_FLIP_BELOW_NVOL_MIDDAY,24943.25,24946.75,24941.25,24947.25,TARGET,14.0,10.6,5.3
1758639722,2025-09-23 15:02:02.400,2025-09-23 15:02:18.741126,LONG,5,P5_BID_FLIP_BELOW_NVOL_MIDDAY,24941.75,24939.25,24939.75,24945.75,STOP,-10.0,-13.4,-6.7
1758639771,2025-09-23 15:02:51.800,2025-09-23 15:03:10.918063,LONG,5,P5_BID_FLIP_BELOW_NVOL_MIDDAY,24936.5,24934.0,24934.5,24940.5,STOP,-10.0,-13.4,-6.7
1758639833,2025-09-23 15:03:53.200,2025-09-23 15:04:26.832851,LONG,5,P5_BID_FLIP_BELOW_NVOL_MIDDAY,24936.5,24940.0,24934.5,24940.5,TARGET,14.0,10.6,5.3
1758639901,2025-09-23 15:05:01.300,2025-09-23 15:05:14.919822,LONG,5,P5_BID_FLIP_BELOW_NVOL_MIDDAY,24945.25,24942.75,24943.25,24949.25,STOP,-10.0,-13.4,-6.7
1758639965,2025-09-23 15:06:05.300,2025-09-23 15:06:23.730811,LONG,5,P5_BID_FLIP_BELOW_NVOL_MIDDAY,24940.25,24937.75,24938.25,24944.25,STOP,-10.0,-13.4,-6.7
1758640045,2025-09-23 15:07:25.800,2025-09-23 15:07:33.670170,LONG,5,P5_BID_FLIP_BELOW_NVOL_MIDDAY,24936.75,24934.25,24934.75,24940.75,STOP,-10.0,-13.4,-6.7
1758640088,2025-09-23 15:08:08.100,2025-09-23 15:08:22.643434,LONG,5,P5_BID_FLIP_BELOW_NVOL_MIDDAY,24939.75,24937.25,24937.75,24943.75,STOP,-10.0,-13.4,-6.7
1758640140,2025-09-23 15:09:00.100,2025-09-23 15:09:08.582791,LONG,5,P5_BID_FLIP_BELOW_NVOL_MIDDAY,24940.25,24943.75,24938.25,24944.25,TARGET,14.0,10.6,5.3
1758642005,2025-09-23 15:40:05.700,2025-09-23 15:40:22.320814,LONG,5,P5_BID_FLIP_BELOW_NVOL_MIDDAY,24942.25,24939.75,24940.25,24946.25,STOP,-10.0,-13.4,-6.7
1758642078,2025-09-23 15:41:18.800,2025-09-23 15:41:24.910186,LONG,5,P5_BID_FLIP_BELOW_NVOL_MIDDAY,24937.25,24934.75,24935.25,24941.25,STOP,-10.0,-13.4,-6.7
1758642121,2025-09-23 15:42:01.000,2025-09-23 15:42:11.783118,LONG,5,P5_BID_FLIP_BELOW_NVOL_MIDDAY,24936.5,24934.0,24934.5,24940.5,STOP,-10.0,-13.4,-6.7
1758642173,2025-09-23 15:42:53.500,2025-09-23 15:42:55.829031,LONG,5,P5_BID_FLIP_BELOW_NVOL_MIDDAY,24933.5,24931.0,24931.5,24937.5,STOP,-10.0,-13.4,-6.7
1758642212,2025-09-23 15:43:32.800,2025-09-23 15:44:06.674474,LONG,5,P5_BID_FLIP_BELOW_NVOL_MIDDAY,24942.25,24945.75,24940.25,24946.25,TARGET,14.0,10.6,5.3
1758642971,2025-09-23 15:56:11.100,2025-09-23 15:56:28.969538,LONG,5,P5_BID_FLIP_BELOW_NVOL_MIDDAY,24942.75,24946.25,24940.75,24946.75,TARGET,14.0,10.6,5.3
1758643033,2025-09-23 15:57:13.500,2025-09-23 15:57:30.351377,LONG,5,P5_BID_FLIP_BELOW_NVOL_MIDDAY,24940.75,24944.25,24938.75,24944.75,TARGET,14.0,10.6,5.3
1758643081,2025-09-23 15:58:01.400,2025-09-23 15:58:09.049672,LONG,5,P5_BID_FLIP_BELOW_NVOL_MIDDAY,24943.0,24940.5,24941.0,24947.0,STOP,-10.0,-13.4,-6.7
1758643386,2025-09-23 16:03:06.300,2025-09-23 16:03:43.911831,LONG,5,P5_BID_FLIP_BELOW_NVOL_MIDDAY,24943.25,24940.75,24941.25,24947.25,STOP,-10.0,-13.4,-6.7
1758643464,2025-09-23 16:04:24.000,2025-09-23 16:04:27.669898,LONG,5,P5_BID_FLIP_BELOW_NVOL_MIDDAY,24940.75,24938.25,24938.75,24944.75,STOP,-10.0,-13.4,-6.7
1758643498,2025-09-23 16:04:58.600,2025-09-23 16:05:54.147544,LONG,5,P5_BID_FLIP_BELOW_NVOL_MIDDAY,24940.5,24938.0,24938.5,24944.5,STOP,-10.0,-13.4,-6.7
1758643626,2025-09-23 16:07:06.300,2025-09-23 16:07:23.962849,LONG,5,P5_BID_FLIP_BELOW_NVOL_MIDDAY,24938.5,24936.0,24936.5,24942.5,STOP,-10.0,-13.4,-6.7
1758643688,2025-09-23 16:08:08.700,2025-09-23 16:08:22.180570,LONG,5,P5_BID_FLIP_BELOW_NVOL_MIDDAY,24932.75,24930.25,24930.75,24936.75,STOP,-10.0,-13.4,-6.7
1758643734,2025-09-23 16:08:54.500,2025-09-23 16:09:07.593011,LONG,5,P5_BID_FLIP_BELOW_NVOL_MIDDAY,24927.5,24925.0,24925.5,24931.5,STOP,-10.0,-13.4,-6.7
1758643780,2025-09-23 16:09:40.500,2025-09-23 16:09:58.346534,LONG,5,P5_BID_FLIP_BELOW_NVOL_MIDDAY,24924.75,24922.25,24922.75,24928.75,STOP,-10.0,-13.4,-6.7
1758643835,2025-09-23 16:10:35.900,2025-09-23 16:10:41.430642,LONG,5,P5_BID_FLIP_BELOW_NVOL_MIDDAY,24925.0,24922.5,24923.0,24929.0,STOP,-10.0,-13.4,-6.7
1758643887,2025-09-23 16:11:27.200,2025-09-23 16:11:33.090042,LONG,5,P5_BID_FLIP_BELOW_NVOL_MIDDAY,24926.0,24923.5,24924.0,24930.0,STOP,-10.0,-13.4,-6.7
1758643960,2025-09-23 16:12:40.700,2025-09-23 16:12:51.098659,LONG,5,P5_BID_FLIP_BELOW_NVOL_MIDDAY,24918.5,24916.0,24916.5,24922.5,STOP,-10.0,-13.4,-6.7
1758644003,2025-09-23 16:13:23.900,2025-09-23 16:13:34.249745,LONG,5,P5_BID_FLIP_BELOW_NVOL_MIDDAY,24919.25,24916.75,24917.25,24923.25,STOP,-10.0,-13.4,-6.7
1758644076,2025-09-23 16:14:36.900,2025-09-23 16:14:52.190967,LONG,5,P5_BID_FLIP_BELOW_NVOL_MIDDAY,24926.25,24929.75,24924.25,24930.25,TARGET,14.0,10.6,5.3
1758644131,2025-09-23 16:15:31.100,2025-09-23 16:15:38.477832,LONG,5,P5_BID_FLIP_BELOW_NVOL_MIDDAY,24929.75,24927.25,24927.75,24933.75,STOP,-10.0,-13.4,-6.7
1758644200,2025-09-23 16:16:40.500,2025-09-23 16:16:58.785574,LONG,5,P5_BID_FLIP_BELOW_NVOL_MIDDAY,24928.25,24931.75,24926.25,24932.25,TARGET,14.0,10.6,5.3
1758644317,2025-09-23 16:18:37.400,2025-09-23 16:19:07.643155,LONG,5,P5_BID_FLIP_BELOW_NVOL_MIDDAY,24935.5,24939.0,24933.5,24939.5,TARGET,14.0,10.6,5.3
1758644390,2025-09-23 16:19:50.000,2025-09-23 16:20:46.611880,LONG,5,P5_BID_FLIP_BELOW_NVOL_MIDDAY,24942.75,24946.25,24940.75,24946.75,TARGET,14.0,10.6,5.3
1758644745,2025-09-23 16:25:45.100,2025-09-23 16:25:59.535217,LONG,5,P5_BID_FLIP_BELOW_NVOL_MIDDAY,24937.75,24935.25,24935.75,24941.75,STOP,-10.0,-13.4,-6.7
1758644810,2025-09-23 16:26:50.400,2025-09-23 16:27:40.888039,LONG,5,P5_BID_FLIP_BELOW_NVOL_MIDDAY,24936.75,24934.25,24934.75,24940.75,STOP,-10.0,-13.4,-6.7
1758644902,2025-09-23 16:28:22.400,2025-09-23 16:28:28.140080,LONG,5,P5_BID_FLIP_BELOW_NVOL_MIDDAY,24938.0,24935.5,24936.0,24942.0,STOP,-10.0,-13.4,-6.7
1758644948,2025-09-23 16:29:08.300,2025-09-23 16:30:13.069240,LONG,5,P5_BID_FLIP_BELOW_NVOL_MIDDAY,24931.0,24928.5,24929.0,24935.0,STOP,-10.0,-13.4,-6.7
1758645056,2025-09-23 16:30:56.400,2025-09-23 16:31:11.808697,LONG,5,P5_BID_FLIP_BELOW_NVOL_MIDDAY,24930.75,24928.25,24928.75,24934.75,STOP,-10.0,-13.4,-6.7
1758645110,2025-09-23 16:31:50.700,2025-09-23 16:32:08.443393,LONG,5,P5_BID_FLIP_BELOW_NVOL_MIDDAY,24931.5,24935.0,24929.5,24935.5,TARGET,14.0,10.6,5.3
1758645189,2025-09-23 16:33:09.800,2025-09-23 16:33:16.608865,LONG,5,P5_BID_FLIP_BELOW_NVOL_MIDDAY,24931.25,24934.75,24929.25,24935.25,TARGET,14.0,10.6,5.3
1758645238,2025-09-23 16:33:58.200,2025-09-23 16:34:11.393787,LONG,5,P5_BID_FLIP_BELOW_NVOL_MIDDAY,24938.25,24935.75,24936.25,24942.25,STOP,-10.0,-13.4,-6.7
1758645291,2025-09-23 16:34:51.300,2025-09-23 16:35:02.659110,LONG,5,P5_BID_FLIP_BELOW_NVOL_MIDDAY,24936.5,24934.0,24934.5,24940.5,STOP,-10.0,-13.4,-6.7
1758645338,2025-09-23 16:35:38.300,2025-09-23 16:35:40.395504,LONG,5,P5_BID_FLIP_BELOW_NVOL_MIDDAY,24931.0,24928.5,24929.0,24935.0,STOP,-10.0,-13.4,-6.7
1758645379,2025-09-23 16:36:19.200,2025-09-23 16:36:20.697214,LONG,5,P5_BID_FLIP_BELOW_NVOL_MIDDAY,24931.75,24929.25,24929.75,24935.75,STOP,-10.0,-13.4,-6.7
1758645412,2025-09-23 16:36:52.900,2025-09-23 16:37:01.166285,LONG,5,P5_BID_FLIP_BELOW_NVOL_MIDDAY,24920.75,24924.25,24918.75,24924.75,TARGET,14.0,10.6,5.3
1758645451,2025-09-23 16:37:31.300,2025-09-23 16:37:40.157032,LONG,5,P5_BID_FLIP_BELOW_NVOL_MIDDAY,24929.25,24932.75,24927.25,24933.25,TARGET,14.0,10.6,5.3
1758645496,2025-09-23 16:38:16.000,2025-09-23 16:38:31.417534,LONG,5,P5_BID_FLIP_BELOW_NVOL_MIDDAY,24940.5,24938.0,24938.5,24944.5,STOP,-10.0,-13.4,-6.7
1758645548,2025-09-23 16:39:08.400,2025-09-23 16:39:15.878202,LONG,5,P5_BID_FLIP_BELOW_NVOL_MIDDAY,24940.25,24937.75,24938.25,24944.25,STOP,-10.0,-13.4,-6.7
1758645586,2025-09-23 16:39:46.900,2025-09-23 16:40:01.407065,LONG,5,P5_BID_FLIP_BELOW_NVOL_MIDDAY,24936.5,24940.0,24934.5,24940.5,TARGET,14.0,10.6,5.3
1758645631,2025-09-23 16:40:31.800,2025-09-23 16:40:35.680290,LONG,5,P5_BID_FLIP_BELOW_NVOL_MIDDAY,24935.0,24932.5,24933.0,24939.0,STOP,-10.0,-13.4,-6.7
1758645684,2025-09-23 16:41:24.400,2025-09-23 16:42:20.258332,LONG,5,P5_BID_FLIP_BELOW_NVOL_MIDDAY,24936.75,24934.25,24934.75,24940.75,STOP,-10.0,-13.4,-6.7
1758645792,2025-09-23 16:43:12.000,2025-09-23 16:43:20.923072,LONG,5,P5_BID_FLIP_BELOW_NVOL_MIDDAY,24938.5,24936.0,24936.5,24942.5,STOP,-10.0,-13.4,-6.7
1758645834,2025-09-23 16:43:54.200,2025-09-23 16:44:03.582058,LONG,5,P5_BID_FLIP_BELOW_NVOL_MIDDAY,24941.0,24938.5,24939.0,24945.0,STOP,-10.0,-13.4,-6.7
1758645903,2025-09-23 16:45:03.700,2025-09-23 16:45:24.101706,LONG,5,P5_BID_FLIP_BELOW_NVOL_MIDDAY,24935.75,24939.25,24933.75,24939.75,TARGET,14.0,10.6,5.3
1758645959,2025-09-23 16:45:59.400,2025-09-23 16:46:11.147390,LONG,5,P5_BID_FLIP_BELOW_NVOL_MIDDAY,24940.0,24937.5,24938.0,24944.0,STOP,-10.0,-13.4,-6.7
1758646003,2025-09-23 16:46:43.100,2025-09-23 16:47:06.435072,LONG,5,P5_BID_FLIP_BELOW_NVOL_MIDDAY,24941.0,24944.5,24939.0,24945.0,TARGET,14.0,10.6,5.3
1758646436,2025-09-23 16:53:56.000,2025-09-23 16:55:00.085435,LONG,5,P5_BID_FLIP_BELOW_NVOL_MIDDAY,24939.5,24937.0,24937.5,24943.5,STOP,-10.0,-13.4,-6.7
1758646539,2025-09-23 16:55:39.500,2025-09-23 16:56:00.496561,LONG,5,P5_BID_FLIP_BELOW_NVOL_MIDDAY,24923.25,24920.75,24921.25,24927.25,STOP,-10.0,-13.4,-6.7
1758646598,2025-09-23 16:56:38.600,2025-09-23 16:57:21.368930,LONG,5,P5_BID_FLIP_BELOW_NVOL_MIDDAY,24926.0,24929.5,24924.0,24930.0,TARGET,14.0,10.6,5.3
1758646711,2025-09-23 16:58:31.700,2025-09-23 17:00:27.350998,LONG,5,P5_BID_FLIP_BELOW_NVOL_MIDDAY,24927.0,24924.5,24925.0,24931.0,STOP,-10.0,-13.4,-6.7
1758646869,2025-09-23 17:01:09.000,2025-09-23 17:01:20.134279,LONG,5,P5_BID_FLIP_BELOW_NVOL_MIDDAY,24920.75,24918.25,24918.75,24924.75,STOP,-10.0,-13.4,-6.7
1758646912,2025-09-23 17:01:52.600,2025-09-23 17:02:14.529625,LONG,5,P5_BID_FLIP_BELOW_NVOL_MIDDAY,24919.25,24916.75,24917.25,24923.25,STOP,-10.0,-13.4,-6.7
1758646967,2025-09-23 17:02:47.100,2025-09-23 17:03:03.038354,LONG,5,P5_BID_FLIP_BELOW_NVOL_MIDDAY,24920.75,24918.25,24918.75,24924.75,STOP,-10.0,-13.4,-6.7
1758647025,2025-09-23 17:03:45.700,2025-09-23 17:03:55.268832,LONG,5,P5_BID_FLIP_BELOW_NVOL_MIDDAY,24917.75,24915.25,24915.75,24921.75,STOP,-10.0,-13.4,-6.7
1758647078,2025-09-23 17:04:38.400,2025-09-23 17:05:02.333802,LONG,5,P5_BID_FLIP_BELOW_NVOL_MIDDAY,24913.5,24917.0,24911.5,24917.5,TARGET,14.0,10.6,5.3
1758647147,2025-09-23 17:05:47.200,2025-09-23 17:06:17.760564,LONG,5,P5_BID_FLIP_BELOW_NVOL_MIDDAY,24920.25,24923.75,24918.25,24924.25,TARGET,14.0,10.6,5.3
1758647221,2025-09-23 17:07:01.300,2025-09-23 17:07:38.959066,LONG,5,P5_BID_FLIP_BELOW_NVOL_MIDDAY,24919.75,24917.25,24917.75,24923.75,STOP,-10.0,-13.4,-6.7
1758647296,2025-09-23 17:08:16.600,2025-09-23 17:08:26.041802,LONG,5,P5_BID_FLIP_BELOW_NVOL_MIDDAY,24919.5,24917.0,24917.5,24923.5,STOP,-10.0,-13.4,-6.7
1758647355,2025-09-23 17:09:15.800,2025-09-23 17:09:22.458105,LONG,5,P5_BID_FLIP_BELOW_NVOL_MIDDAY,24917.25,24920.75,24915.25,24921.25,TARGET,14.0,10.6,5.3
1758647397,2025-09-23 17:09:57.900,2025-09-23 17:10:07.850542,LONG,5,P5_BID_FLIP_BELOW_NVOL_MIDDAY,24925.5,24923.0,24923.5,24929.5,STOP,-10.0,-13.4,-6.7
1758647439,2025-09-23 17:10:39.600,2025-09-23 17:10:56.080395,LONG,5,P5_BID_FLIP_BELOW_NVOL_MIDDAY,24922.75,24920.25,24920.75,24926.75,STOP,-10.0,-13.4,-6.7
1758647490,2025-09-23 17:11:30.700,2025-09-23 17:11:53.413802,LONG,5,P5_BID_FLIP_BELOW_NVOL_MIDDAY,24916.5,24914.0,24914.5,24920.5,STOP,-10.0,-13.4,-6.7
1758647580,2025-09-23 17:13:00.400,2025-09-23 17:13:09.699867,LONG,5,P5_BID_FLIP_BELOW_NVOL_MIDDAY,24917.0,24914.5,24915.0,24921.0,STOP,-10.0,-13.4,-6.7
1758647628,2025-09-23 17:13:48.900,2025-09-23 17:14:09.238832,LONG,5,P5_BID_FLIP_BELOW_NVOL_MIDDAY,24915.75,24913.25,24913.75,24919.75,STOP,-10.0,-13.4,-6.7
1758647688,2025-09-23 17:14:48.600,2025-09-23 17:15:04.983126,LONG,5,P5_BID_FLIP_BELOW_NVOL_MIDDAY,24911.25,24908.75,24909.25,24915.25,STOP,-10.0,-13.4,-6.7
1758647735,2025-09-23 17:15:35.100,2025-09-23 17:16:46.584063,LONG,5,P5_BID_FLIP_BELOW_NVOL_MIDDAY,24910.0,24907.5,24908.0,24914.0,STOP,-10.0,-13.4,-6.7
1758647850,2025-09-23 17:17:30.300,2025-09-23 17:18:08.336747,LONG,5,P5_BID_FLIP_BELOW_NVOL_MIDDAY,24910.25,24907.75,24908.25,24914.25,STOP,-10.0,-13.4,-6.7
1758647946,2025-09-23 17:19:06.700,2025-09-23 17:19:56.299587,LONG,5,P5_BID_FLIP_BELOW_NVOL_MIDDAY,24904.0,24901.5,24902.0,24908.0,STOP,-10.0,-13.4,-6.7
1758648039,2025-09-23 17:20:39.200,2025-09-23 17:20:54.590804,LONG,5,P5_BID_FLIP_BELOW_NVOL_MIDDAY,24897.5,24895.0,24895.5,24901.5,STOP,-10.0,-13.4,-6.7
1758648112,2025-09-23 17:21:52.000,2025-09-23 17:22:15.889780,LONG,5,P5_BID_FLIP_BELOW_NVOL_MIDDAY,24899.0,24902.5,24897.0,24903.0,TARGET,14.0,10.6,5.3
1758648177,2025-09-23 17:22:57.900,2025-09-23 17:23:02.832149,LONG,5,P5_BID_FLIP_BELOW_NVOL_MIDDAY,24904.0,24907.5,24902.0,24908.0,TARGET,14.0,10.6,5.3
1758648222,2025-09-23 17:23:42.100,2025-09-23 17:24:00.437047,LONG,5,P5_BID_FLIP_BELOW_NVOL_MIDDAY,24904.5,24908.0,24902.5,24908.5,TARGET,14.0,10.6,5.3
1758648275,2025-09-23 17:24:35.800,2025-09-23 17:25:31.643325,LONG,5,P5_BID_FLIP_BELOW_NVOL_MIDDAY,24899.5,24897.0,24897.5,24903.5,STOP,-10.0,-13.4,-6.7
1758648368,2025-09-23 17:26:08.600,2025-09-23 17:26:11.125316,LONG,5,P5_BID_FLIP_BELOW_NVOL_MIDDAY,24881.0,24884.5,24879.0,24885.0,TARGET,14.0,10.6,5.3
1758648412,2025-09-23 17:26:52.300,2025-09-23 17:27:08.202953,LONG,5,P5_BID_FLIP_BELOW_NVOL_MIDDAY,24883.25,24880.75,24881.25,24887.25,STOP,-10.0,-13.4,-6.7
1758648478,2025-09-23 17:27:58.300,2025-09-23 17:28:09.859981,LONG,5,P5_BID_FLIP_BELOW_NVOL_MIDDAY,24872.0,24875.5,24870.0,24876.0,TARGET,14.0,10.6,5.3
1758648611,2025-09-23 17:30:11.800,2025-09-23 17:30:15.453514,SHORT,2,P2_ASK_FLIP_BELOW_HVOL_PM,24868.25,24864.75,24870.25,24864.25,TARGET,14.0,10.6,5.3
1758648669,2025-09-23 17:31:09.000,2025-09-23 17:31:10.374889,SHORT,2,P2_ASK_FLIP_BELOW_HVOL_PM,24870.0,24872.5,24872.0,24866.0,STOP,-10.0,-13.4,-6.7
1758648702,2025-09-23 17:31:42.600,2025-09-23 17:31:46.572378,SHORT,2,P2_ASK_FLIP_BELOW_HVOL_PM,24863.5,24866.0,24865.5,24859.5,STOP,-10.0,-13.4,-6.7
1758648747,2025-09-23 17:32:27.600,2025-09-23 17:32:32.900421,SHORT,2,P2_ASK_FLIP_BELOW_HVOL_PM,24873.0,24869.5,24875.0,24869.0,TARGET,14.0,10.6,5.3
1758648800,2025-09-23 17:33:20.700,2025-09-23 17:33:31.525125,SHORT,2,P2_ASK_FLIP_BELOW_HVOL_PM,24876.25,24878.75,24878.25,24872.25,STOP,-10.0,-13.4,-6.7
1758648850,2025-09-23 17:34:10.000,2025-09-23 17:34:16.255904,SHORT,2,P2_ASK_FLIP_BELOW_HVOL_PM,24868.75,24871.25,24870.75,24864.75,STOP,-10.0,-13.4,-6.7
1758648903,2025-09-23 17:35:03.900,2025-09-23 17:35:12.158667,SHORT,2,P2_ASK_FLIP_BELOW_HVOL_PM,24868.75,24865.25,24870.75,24864.75,TARGET,14.0,10.6,5.3
1758648963,2025-09-23 17:36:03.100,2025-09-23 17:36:05.049732,SHORT,2,P2_ASK_FLIP_BELOW_HVOL_PM,24850.5,24847.0,24852.5,24846.5,TARGET,14.0,10.6,5.3
1758648995,2025-09-23 17:36:35.800,2025-09-23 17:36:36.523482,SHORT,2,P2_ASK_FLIP_BELOW_HVOL_PM,24837.5,24834.0,24839.5,24833.5,TARGET,14.0,10.6,5.3
1758649038,2025-09-23 17:37:18.800,2025-09-23 17:37:25.049001,SHORT,2,P2_ASK_FLIP_BELOW_HVOL_PM,24835.0,24837.5,24837.0,24831.0,STOP,-10.0,-13.4,-6.7
1758649105,2025-09-23 17:38:25.900,2025-09-23 17:38:54.302645,SHORT,2,P2_ASK_FLIP_BELOW_HVOL_PM,24835.75,24832.25,24837.75,24831.75,TARGET,14.0,10.6,5.3
1758649165,2025-09-23 17:39:25.100,2025-09-23 17:39:33.992455,SHORT,2,P2_ASK_FLIP_BELOW_HVOL_PM,24826.25,24822.75,24828.25,24822.25,TARGET,14.0,10.6,5.3
1758649206,2025-09-23 17:40:06.800,2025-09-23 17:40:11.873784,SHORT,2,P2_ASK_FLIP_BELOW_HVOL_PM,24824.25,24820.75,24826.25,24820.25,TARGET,14.0,10.6,5.3
1758649244,2025-09-23 17:40:44.200,2025-09-23 17:40:45.383440,SHORT,2,P2_ASK_FLIP_BELOW_HVOL_PM,24814.75,24817.25,24816.75,24810.75,STOP,-10.0,-13.4,-6.7
1758649284,2025-09-23 17:41:24.900,2025-09-23 17:41:26.741183,SHORT,2,P2_ASK_FLIP_BELOW_HVOL_PM,24809.75,24812.25,24811.75,24805.75,STOP,-10.0,-13.4,-6.7
1758649347,2025-09-23 17:42:27.800,2025-09-23 17:42:28.640245,SHORT,2,P2_ASK_FLIP_BELOW_HVOL_PM,24812.25,24814.75,24814.25,24808.25,STOP,-10.0,-13.4,-6.7
1758649392,2025-09-23 17:43:12.000,2025-09-23 17:43:14.493704,SHORT,2,P2_ASK_FLIP_BELOW_HVOL_PM,24801.25,24797.75,24803.25,24797.25,TARGET,14.0,10.6,5.3
1758649424,2025-09-23 17:43:44.600,2025-09-23 17:43:44.989011,SHORT,2,P2_ASK_FLIP_BELOW_HVOL_PM,24809.75,24812.25,24811.75,24805.75,STOP,-10.0,-13.4,-6.7
1758649465,2025-09-23 17:44:25.400,2025-09-23 17:44:30.306421,SHORT,2,P2_ASK_FLIP_BELOW_HVOL_PM,24806.5,24803.0,24808.5,24802.5,TARGET,14.0,10.6,5.3
1758649503,2025-09-23 17:45:03.600,2025-09-23 17:45:04.854934,SHORT,2,P2_ASK_FLIP_BELOW_HVOL_PM,24807.75,24810.25,24809.75,24803.75,STOP,-10.0,-13.4,-6.7
1758649546,2025-09-23 17:45:46.400,2025-09-23 17:45:47.720190,SHORT,2,P2_ASK_FLIP_BELOW_HVOL_PM,24800.5,24803.0,24802.5,24796.5,STOP,-10.0,-13.4,-6.7
1758649581,2025-09-23 17:46:21.300,2025-09-23 17:46:22.441732,SHORT,2,P2_ASK_FLIP_BELOW_HVOL_PM,24806.75,24809.25,24808.75,24802.75,STOP,-10.0,-13.4,-6.7
1758649623,2025-09-23 17:47:03.900,2025-09-23 17:47:09.999442,SHORT,2,P2_ASK_FLIP_BELOW_HVOL_PM,24799.75,24802.25,24801.75,24795.75,STOP,-10.0,-13.4,-6.7
1758649666,2025-09-23 17:47:46.700,2025-09-23 17:47:48.457099,SHORT,2,P2_ASK_FLIP_BELOW_HVOL_PM,24813.0,24815.5,24815.0,24809.0,STOP,-10.0,-13.4,-6.7
1758649711,2025-09-23 17:48:31.300,2025-09-23 17:48:45.916971,SHORT,2,P2_ASK_FLIP_BELOW_HVOL_PM,24829.75,24832.25,24831.75,24825.75,STOP,-10.0,-13.4,-6.7
1758649771,2025-09-23 17:49:31.000,2025-09-23 17:49:32.617790,SHORT,2,P2_ASK_FLIP_BELOW_HVOL_PM,24837.5,24840.0,24839.5,24833.5,STOP,-10.0,-13.4,-6.7
1758649838,2025-09-23 17:50:38.000,2025-09-23 17:50:45.334647,SHORT,2,P2_ASK_FLIP_BELOW_HVOL_PM,24842.5,24845.0,24844.5,24838.5,STOP,-10.0,-13.4,-6.7
1758649876,2025-09-23 17:51:16.500,2025-09-23 17:51:22.855493,SHORT,2,P2_ASK_FLIP_BELOW_HVOL_PM,24842.25,24838.75,24844.25,24838.25,TARGET,14.0,10.6,5.3
1758649916,2025-09-23 17:51:56.300,2025-09-23 17:52:00.867747,SHORT,2,P2_ASK_FLIP_BELOW_HVOL_PM,24835.25,24837.75,24837.25,24831.25,STOP,-10.0,-13.4,-6.7
1758649958,2025-09-23 17:52:38.000,2025-09-23 17:52:39.299946,SHORT,2,P2_ASK_FLIP_BELOW_HVOL_PM,24822.75,24819.25,24824.75,24818.75,TARGET,14.0,10.6,5.3
1758649998,2025-09-23 17:53:18.600,2025-09-23 17:53:22.383661,SHORT,2,P2_ASK_FLIP_BELOW_HVOL_PM,24823.0,24819.5,24825.0,24819.0,TARGET,14.0,10.6,5.3
1758650042,2025-09-23 17:54:02.100,2025-09-23 17:54:11.094080,SHORT,2,P2_ASK_FLIP_BELOW_HVOL_PM,24822.75,24819.25,24824.75,24818.75,TARGET,14.0,10.6,5.3
1758650081,2025-09-23 17:54:41.300,2025-09-23 17:54:48.714293,SHORT,2,P2_ASK_FLIP_BELOW_HVOL_PM,24819.25,24815.75,24821.25,24815.25,TARGET,14.0,10.6,5.3
1758650132,2025-09-23 17:55:32.400,2025-09-23 17:55:35.907358,SHORT,2,P2_ASK_FLIP_BELOW_HVOL_PM,24831.0,24827.5,24833.0,24827.0,TARGET,14.0,10.6,5.3
1758650177,2025-09-23 17:56:17.200,2025-09-23 17:56:19.890509,SHORT,2,P2_ASK_FLIP_BELOW_HVOL_PM,24824.5,24827.0,24826.5,24820.5,STOP,-10.0,-13.4,-6.7
1758650212,2025-09-23 17:56:52.500,2025-09-23 17:56:53.599973,SHORT,2,P2_ASK_FLIP_BELOW_HVOL_PM,24817.25,24819.75,24819.25,24813.25,STOP,-10.0,-13.4,-6.7
1758650261,2025-09-23 17:57:41.900,2025-09-23 17:57:48.323617,SHORT,2,P2_ASK_FLIP_BELOW_HVOL_PM,24837.25,24833.75,24839.25,24833.25,TARGET,14.0,10.6,5.3
1758650308,2025-09-23 17:58:28.200,2025-09-23 17:58:40.413586,SHORT,2,P2_ASK_FLIP_BELOW_HVOL_PM,24836.75,24839.25,24838.75,24832.75,STOP,-10.0,-13.4,-6.7
1758650359,2025-09-23 17:59:19.500,2025-09-23 17:59:38.511324,SHORT,2,P2_ASK_FLIP_BELOW_HVOL_PM,24838.0,24840.5,24840.0,24834.0,STOP,-10.0,-13.4,-6.7
1758650432,2025-09-23 18:00:32.500,2025-09-23 18:00:46.010283,SHORT,2,P2_ASK_FLIP_BELOW_HVOL_PM,24828.75,24831.25,24830.75,24824.75,STOP,-10.0,-13.4,-6.7
1758650478,2025-09-23 18:01:18.600,2025-09-23 18:01:26.945355,SHORT,2,P2_ASK_FLIP_BELOW_HVOL_PM,24830.0,24826.5,24832.0,24826.0,TARGET,14.0,10.6,5.3
1758650553,2025-09-23 18:02:33.300,2025-09-23 18:02:53.257190,SHORT,2,P2_ASK_FLIP_BELOW_HVOL_PM,24844.0,24840.5,24846.0,24840.0,TARGET,14.0,10.6,5.3
1758650608,2025-09-23 18:03:28.600,2025-09-23 18:03:34.312941,SHORT,2,P2_ASK_FLIP_BELOW_HVOL_PM,24830.75,24827.25,24832.75,24826.75,TARGET,14.0,10.6,5.3
1758650647,2025-09-23 18:04:07.800,2025-09-23 18:04:11.169644,SHORT,2,P2_ASK_FLIP_BELOW_HVOL_PM,24821.5,24818.0,24823.5,24817.5,TARGET,14.0,10.6,5.3
1758650694,2025-09-23 18:04:54.000,2025-09-23 18:05:03.845654,SHORT,2,P2_ASK_FLIP_BELOW_HVOL_PM,24822.5,24819.0,24824.5,24818.5,TARGET,14.0,10.6,5.3
1758650734,2025-09-23 18:05:34.100,2025-09-23 18:05:40.606402,SHORT,2,P2_ASK_FLIP_BELOW_HVOL_PM,24823.75,24820.25,24825.75,24819.75,TARGET,14.0,10.6,5.3
1758650781,2025-09-23 18:06:21.000,2025-09-23 18:06:22.380274,SHORT,2,P2_ASK_FLIP_BELOW_HVOL_PM,24819.5,24822.0,24821.5,24815.5,STOP,-10.0,-13.4,-6.7
1758650825,2025-09-23 18:07:05.100,2025-09-23 18:07:15.819907,SHORT,2,P2_ASK_FLIP_BELOW_HVOL_PM,24823.0,24819.5,24825.0,24819.0,TARGET,14.0,10.6,5.3
1758650875,2025-09-23 18:07:55.800,2025-09-23 18:08:03.889968,SHORT,2,P2_ASK_FLIP_BELOW_HVOL_PM,24823.5,24826.0,24825.5,24819.5,STOP,-10.0,-13.4,-6.7
1758650914,2025-09-23 18:08:34.700,2025-09-23 18:08:44.102951,SHORT,2,P2_ASK_FLIP_BELOW_HVOL_PM,24827.75,24824.25,24829.75,24823.75,TARGET,14.0,10.6,5.3
1758650972,2025-09-23 18:09:32.600,2025-09-23 18:09:45.049026,SHORT,2,P2_ASK_FLIP_BELOW_HVOL_PM,24825.5,24822.0,24827.5,24821.5,TARGET,14.0,10.6,5.3
1758651024,2025-09-23 18:10:24.900,2025-09-23 18:10:33.912585,SHORT,2,P2_ASK_FLIP_BELOW_HVOL_PM,24821.5,24818.0,24823.5,24817.5,TARGET,14.0,10.6,5.3
1758651077,2025-09-23 18:11:17.700,2025-09-23 18:11:30.020866,SHORT,2,P2_ASK_FLIP_BELOW_HVOL_PM,24813.75,24810.25,24815.75,24809.75,TARGET,14.0,10.6,5.3
1758651124,2025-09-23 18:12:04.600,2025-09-23 18:12:19.086900,SHORT,2,P2_ASK_FLIP_BELOW_HVOL_PM,24812.5,24815.0,24814.5,24808.5,STOP,-10.0,-13.4,-6.7
1758651178,2025-09-23 18:12:58.400,2025-09-23 18:13:15.321207,SHORT,2,P2_ASK_FLIP_BELOW_HVOL_PM,24808.0,24810.5,24810.0,24804.0,STOP,-10.0,-13.4,-6.7
1758651241,2025-09-23 18:14:01.100,2025-09-23 18:14:13.089211,SHORT,2,P2_ASK_FLIP_BELOW_HVOL_PM,24813.0,24815.5,24815.0,24809.0,STOP,-10.0,-13.4,-6.7
1758651290,2025-09-23 18:14:50.500,2025-09-23 18:15:02.919267,SHORT,2,P2_ASK_FLIP_BELOW_HVOL_PM,24809.75,24812.25,24811.75,24805.75,STOP,-10.0,-13.4,-6.7
1758651342,2025-09-23 18:15:42.800,2025-09-23 18:15:48.690696,SHORT,2,P2_ASK_FLIP_BELOW_HVOL_PM,24813.0,24809.5,24815.0,24809.0,TARGET,14.0,10.6,5.3
1758651387,2025-09-23 18:16:27.200,2025-09-23 18:16:41.512811,SHORT,2,P2_ASK_FLIP_BELOW_HVOL_PM,24806.5,24803.0,24808.5,24802.5,TARGET,14.0,10.6,5.3
1758651434,2025-09-23 18:17:14.600,2025-09-23 18:17:31.128232,SHORT,2,P2_ASK_FLIP_BELOW_HVOL_PM,24805.25,24807.75,24807.25,24801.25,STOP,-10.0,-13.4,-6.7
1758651484,2025-09-23 18:18:04.400,2025-09-23 18:18:19.126525,SHORT,2,P2_ASK_FLIP_BELOW_HVOL_PM,24803.5,24806.0,24805.5,24799.5,STOP,-10.0,-13.4,-6.7
1758651531,2025-09-23 18:18:51.300,2025-09-23 18:19:16.080616,SHORT,2,P2_ASK_FLIP_BELOW_HVOL_PM,24805.0,24801.5,24807.0,24801.0,TARGET,14.0,10.6,5.3
1758651605,2025-09-23 18:20:05.800,2025-09-23 18:20:15.844131,SHORT,2,P2_ASK_FLIP_BELOW_HVOL_PM,24803.25,24805.75,24805.25,24799.25,STOP,-10.0,-13.4,-6.7
1758651651,2025-09-23 18:20:51.100,2025-09-23 18:21:06.372188,SHORT,2,P2_ASK_FLIP_BELOW_HVOL_PM,24806.0,24802.5,24808.0,24802.0,TARGET,14.0,10.6,5.3
1758651702,2025-09-23 18:21:42.400,2025-09-23 18:21:47.653774,SHORT,2,P2_ASK_FLIP_BELOW_HVOL_PM,24800.5,24797.0,24802.5,24796.5,TARGET,14.0,10.6,5.3
1758651751,2025-09-23 18:22:31.300,2025-09-23 18:22:31.953655,SHORT,2,P2_ASK_FLIP_BELOW_HVOL_PM,24798.25,24800.75,24800.25,24794.25,STOP,-10.0,-13.4,-6.7
1758651786,2025-09-23 18:23:06.800,2025-09-23 18:23:27.588559,SHORT,2,P2_ASK_FLIP_BELOW_HVOL_PM,24800.25,24796.75,24802.25,24796.25,TARGET,14.0,10.6,5.3
1758651845,2025-09-23 18:24:05.500,2025-09-23 18:24:13.056441,SHORT,2,P2_ASK_FLIP_BELOW_HVOL_PM,24796.0,24798.5,24798.0,24792.0,STOP,-10.0,-13.4,-6.7
1758651907,2025-09-23 18:25:07.100,2025-09-23 18:25:07.760753,SHORT,2,P2_ASK_FLIP_BELOW_HVOL_PM,24806.5,24809.0,24808.5,24802.5,STOP,-10.0,-13.4,-6.7
1758651937,2025-09-23 18:25:37.800,2025-09-23 18:26:06.679001,SHORT,2,P2_ASK_FLIP_BELOW_HVOL_PM,24814.75,24817.25,24816.75,24810.75,STOP,-10.0,-13.4,-6.7
1758652000,2025-09-23 18:26:40.900,2025-09-23 18:26:42.083614,SHORT,2,P2_ASK_FLIP_BELOW_HVOL_PM,24820.75,24823.25,24822.75,24816.75,STOP,-10.0,-13.4,-6.7
1758652049,2025-09-23 18:27:29.900,2025-09-23 18:27:32.339335,SHORT,2,P2_ASK_FLIP_BELOW_HVOL_PM,24820.75,24823.25,24822.75,24816.75,STOP,-10.0,-13.4,-6.7
1758652108,2025-09-23 18:28:28.300,2025-09-23 18:28:42.049609,SHORT,2,P2_ASK_FLIP_BELOW_HVOL_PM,24813.25,24809.75,24815.25,24809.25,TARGET,14.0,10.6,5.3
1758652182,2025-09-23 18:29:42.400,2025-09-23 18:30:07.793873,SHORT,2,P2_ASK_FLIP_BELOW_HVOL_PM,24813.0,24809.5,24815.0,24809.0,TARGET,14.0,10.6,5.3
1758652242,2025-09-23 18:30:42.300,2025-09-23 18:30:45.886368,SHORT,2,P2_ASK_FLIP_BELOW_HVOL_PM,24811.0,24813.5,24813.0,24807.0,STOP,-10.0,-13.4,-6.7
1758652279,2025-09-23 18:31:19.500,2025-09-23 18:31:22.149349,SHORT,2,P2_ASK_FLIP_BELOW_HVOL_PM,24820.25,24822.75,24822.25,24816.25,STOP,-10.0,-13.4,-6.7
1758652321,2025-09-23 18:32:01.300,2025-09-23 18:32:05.270779,SHORT,2,P2_ASK_FLIP_BELOW_HVOL_PM,24827.25,24823.75,24829.25,24823.25,TARGET,14.0,10.6,5.3
1758652368,2025-09-23 18:32:48.100,2025-09-23 18:33:00.902192,SHORT,2,P2_ASK_FLIP_BELOW_HVOL_PM,24828.5,24831.0,24830.5,24824.5,STOP,-10.0,-13.4,-6.7
1758652422,2025-09-23 18:33:42.100,2025-09-23 18:33:46.079418,SHORT,2,P2_ASK_FLIP_BELOW_HVOL_PM,24827.5,24830.0,24829.5,24823.5,STOP,-10.0,-13.4,-6.7
1758652470,2025-09-23 18:34:30.600,2025-09-23 18:34:39.863432,SHORT,2,P2_ASK_FLIP_BELOW_HVOL_PM,24833.25,24829.75,24835.25,24829.25,TARGET,14.0,10.6,5.3
1758652513,2025-09-23 18:35:13.300,2025-09-23 18:35:20.951069,SHORT,2,P2_ASK_FLIP_BELOW_HVOL_PM,24832.0,24828.5,24834.0,24828.0,TARGET,14.0,10.6,5.3
1758652564,2025-09-23 18:36:04.200,2025-09-23 18:36:21.739172,SHORT,2,P2_ASK_FLIP_BELOW_HVOL_PM,24833.0,24829.5,24835.0,24829.0,TARGET,14.0,10.6,5.3
1758652615,2025-09-23 18:36:55.100,2025-09-23 18:37:11.086906,SHORT,2,P2_ASK_FLIP_BELOW_HVOL_PM,24835.0,24831.5,24837.0,24831.0,TARGET,14.0,10.6,5.3
1758652675,2025-09-23 18:37:55.700,2025-09-23 18:38:03.411808,SHORT,2,P2_ASK_FLIP_BELOW_HVOL_PM,24822.75,24819.25,24824.75,24818.75,TARGET,14.0,10.6,5.3
1758652742,2025-09-23 18:39:02.900,2025-09-23 18:39:08.267470,SHORT,2,P2_ASK_FLIP_BELOW_HVOL_PM,24816.75,24813.25,24818.75,24812.75,TARGET,14.0,10.6,5.3
1758652785,2025-09-23 18:39:45.300,2025-09-23 18:39:59.984270,SHORT,2,P2_ASK_FLIP_BELOW_HVOL_PM,24802.75,24805.25,24804.75,24798.75,STOP,-10.0,-13.4,-6.7
1758652849,2025-09-23 18:40:49.800,2025-09-23 18:41:02.691208,SHORT,2,P2_ASK_FLIP_BELOW_HVOL_PM,24805.75,24808.25,24807.75,24801.75,STOP,-10.0,-13.4,-6.7
1758652894,2025-09-23 18:41:34.600,2025-09-23 18:41:56.076408,SHORT,2,P2_ASK_FLIP_BELOW_HVOL_PM,24802.5,24805.0,24804.5,24798.5,STOP,-10.0,-13.4,-6.7
1758652949,2025-09-23 18:42:29.100,2025-09-23 18:42:34.094792,SHORT,2,P2_ASK_FLIP_BELOW_HVOL_PM,24804.5,24807.0,24806.5,24800.5,STOP,-10.0,-13.4,-6.7
1758652990,2025-09-23 18:43:10.600,2025-09-23 18:43:24.147615,SHORT,2,P2_ASK_FLIP_BELOW_HVOL_PM,24811.75,24808.25,24813.75,24807.75,TARGET,14.0,10.6,5.3
1758653036,2025-09-23 18:43:56.700,2025-09-23 18:45:14.056097,SHORT,2,P2_ASK_FLIP_BELOW_HVOL_PM,24812.25,24808.75,24814.25,24808.25,TARGET,14.0,10.6,5.3
1758653152,2025-09-23 18:45:52.500,2025-09-23 18:46:20.778131,SHORT,2,P2_ASK_FLIP_BELOW_HVOL_PM,24812.75,24815.25,24814.75,24808.75,STOP,-10.0,-13.4,-6.7
1758653218,2025-09-23 18:46:58.600,2025-09-23 18:47:28.459431,SHORT,2,P2_ASK_FLIP_BELOW_HVOL_PM,24817.5,24820.0,24819.5,24813.5,STOP,-10.0,-13.4,-6.7
1758653282,2025-09-23 18:48:02.700,2025-09-23 18:48:49.592166,SHORT,3,P3_ASK_CONT_SELL_BELOW_NVOL_PM,24821.0,24817.5,24823.0,24817.0,TARGET,14.0,10.6,5.3
1758653361,2025-09-23 18:49:21.100,2025-09-23 18:49:26.054499,SHORT,3,P3_ASK_CONT_SELL_BELOW_NVOL_PM,24809.5,24812.0,24811.5,24805.5,STOP,-10.0,-13.4,-6.7
1758653423,2025-09-23 18:50:23.300,2025-09-23 18:51:03.182806,SHORT,3,P3_ASK_CONT_SELL_BELOW_NVOL_PM,24809.0,24805.5,24811.0,24805.0,TARGET,14.0,10.6,5.3
1758653493,2025-09-23 18:51:33.800,2025-09-23 18:51:55.524157,SHORT,3,P3_ASK_CONT_SELL_BELOW_NVOL_PM,24808.75,24805.25,24810.75,24804.75,TARGET,14.0,10.6,5.3
1758653581,2025-09-23 18:53:01.400,2025-09-23 18:53:34.802128,SHORT,3,P3_ASK_CONT_SELL_BELOW_NVOL_PM,24800.75,24797.25,24802.75,24796.75,TARGET,14.0,10.6,5.3
1758653709,2025-09-23 18:55:09.700,2025-09-23 18:55:19.259100,SHORT,2,P2_ASK_FLIP_BELOW_HVOL_PM,24803.75,24800.25,24805.75,24799.75,TARGET,14.0,10.6,5.3
1758653759,2025-09-23 18:55:59.300,2025-09-23 18:56:03.037132,SHORT,2,P2_ASK_FLIP_BELOW_HVOL_PM,24805.25,24807.75,24807.25,24801.25,STOP,-10.0,-13.4,-6.7
1758653821,2025-09-23 18:57:01.200,2025-09-23 18:57:18.388416,SHORT,3,P3_ASK_CONT_SELL_BELOW_NVOL_PM,24799.25,24795.75,24801.25,24795.25,TARGET,14.0,10.6,5.3
1758653868,2025-09-23 18:57:48.500,2025-09-23 18:58:43.295650,SHORT,3,P3_ASK_CONT_SELL_BELOW_NVOL_PM,24797.75,24794.25,24799.75,24793.75,TARGET,14.0,10.6,5.3
1758654046,2025-09-23 19:00:46.800,2025-09-23 19:00:53.623050,SHORT,3,P3_ASK_CONT_SELL_BELOW_NVOL_PM,24803.0,24805.5,24805.0,24799.0,STOP,-10.0,-13.4,-6.7
1758654104,2025-09-23 19:01:44.400,2025-09-23 19:02:31.741413,SHORT,3,P3_ASK_CONT_SELL_BELOW_NVOL_PM,24811.25,24813.75,24813.25,24807.25,STOP,-10.0,-13.4,-6.7
1758654203,2025-09-23 19:03:23.900,2025-09-23 19:04:06.002433,SHORT,2,P2_ASK_FLIP_BELOW_HVOL_PM,24804.75,24801.25,24806.75,24800.75,TARGET,14.0,10.6,5.3
1758654288,2025-09-23 19:04:48.300,2025-09-23 19:05:12.699112,SHORT,2,P2_ASK_FLIP_BELOW_HVOL_PM,24796.25,24798.75,24798.25,24792.25,STOP,-10.0,-13.4,-6.7
1758654353,2025-09-23 19:05:53.500,2025-09-23 19:06:00.681049,SHORT,2,P2_ASK_FLIP_BELOW_HVOL_PM,24792.0,24794.5,24794.0,24788.0,STOP,-10.0,-13.4,-6.7
1758654418,2025-09-23 19:06:58.200,2025-09-23 19:07:20.077910,SHORT,2,P2_ASK_FLIP_BELOW_HVOL_PM,24794.75,24797.25,24796.75,24790.75,STOP,-10.0,-13.4,-6.7
1758654479,2025-09-23 19:07:59.600,2025-09-23 19:08:09.872701,SHORT,2,P2_ASK_FLIP_BELOW_HVOL_PM,24797.75,24794.25,24799.75,24793.75,TARGET,14.0,10.6,5.3
1758654560,2025-09-23 19:09:20.800,2025-09-23 19:09:43.321226,SHORT,2,P2_ASK_FLIP_BELOW_HVOL_PM,24795.0,24797.5,24797.0,24791.0,STOP,-10.0,-13.4,-6.7
1758654616,2025-09-23 19:10:16.100,2025-09-23 19:10:18.650496,SHORT,2,P2_ASK_FLIP_BELOW_HVOL_PM,24799.0,24801.5,24801.0,24795.0,STOP,-10.0,-13.4,-6.7
1758654653,2025-09-23 19:10:53.600,2025-09-23 19:10:59.275185,SHORT,2,P2_ASK_FLIP_BELOW_HVOL_PM,24802.5,24805.0,24804.5,24798.5,STOP,-10.0,-13.4,-6.7
1758654692,2025-09-23 19:11:32.700,2025-09-23 19:11:44.564503,SHORT,2,P2_ASK_FLIP_BELOW_HVOL_PM,24804.0,24806.5,24806.0,24800.0,STOP,-10.0,-13.4,-6.7
1758654773,2025-09-23 19:12:53.700,2025-09-23 19:14:12.145113,SHORT,2,P2_ASK_FLIP_BELOW_HVOL_PM,24807.5,24804.0,24809.5,24803.5,TARGET,14.0,10.6,5.3
1758654899,2025-09-23 19:14:59.000,2025-09-23 19:15:00.163869,SHORT,2,P2_ASK_FLIP_BELOW_HVOL_PM,24803.25,24805.75,24805.25,24799.25,STOP,-10.0,-13.4,-6.7
1758654956,2025-09-23 19:15:56.300,2025-09-23 19:16:08.866954,SHORT,3,P3_ASK_CONT_SELL_BELOW_NVOL_PM,24802.25,24804.75,24804.25,24798.25,STOP,-10.0,-13.4,-6.7
1758655002,2025-09-23 19:16:42.700,2025-09-23 19:17:21.996990,SHORT,3,P3_ASK_CONT_SELL_BELOW_NVOL_PM,24814.5,24817.0,24816.5,24810.5,STOP,-10.0,-13.4,-6.7
1758655138,2025-09-23 19:18:58.300,2025-09-23 19:19:25.074177,SHORT,3,P3_ASK_CONT_SELL_BELOW_NVOL_PM,24824.5,24827.0,24826.5,24820.5,STOP,-10.0,-13.4,-6.7
1758655205,2025-09-23 19:20:05.100,2025-09-23 19:20:12.469198,SHORT,3,P3_ASK_CONT_SELL_BELOW_NVOL_PM,24822.5,24819.0,24824.5,24818.5,TARGET,14.0,10.6,5.3
1758655243,2025-09-23 19:20:43.600,2025-09-23 19:20:54.624103,SHORT,3,P3_ASK_CONT_SELL_BELOW_NVOL_PM,24816.75,24813.25,24818.75,24812.75,TARGET,14.0,10.6,5.3
1758655330,2025-09-23 19:22:10.400,2025-09-23 19:22:18.339805,SHORT,3,P3_ASK_CONT_SELL_BELOW_NVOL_PM,24800.25,24802.75,24802.25,24796.25,STOP,-10.0,-13.4,-6.7
1758655389,2025-09-23 19:23:09.200,2025-09-23 19:23:10.896079,SHORT,3,P3_ASK_CONT_SELL_BELOW_NVOL_PM,24798.25,24800.75,24800.25,24794.25,STOP,-10.0,-13.4,-6.7
1758655427,2025-09-23 19:23:47.600,2025-09-23 19:24:04.579002,SHORT,3,P3_ASK_CONT_SELL_BELOW_NVOL_PM,24801.25,24803.75,24803.25,24797.25,STOP,-10.0,-13.4,-6.7
1758655486,2025-09-23 19:24:46.400,2025-09-23 19:25:31.298044,SHORT,3,P3_ASK_CONT_SELL_BELOW_NVOL_PM,24805.0,24801.5,24807.0,24801.0,TARGET,14.0,10.6,5.3
1758655572,2025-09-23 19:26:12.900,2025-09-23 19:26:27.942256,SHORT,3,P3_ASK_CONT_SELL_BELOW_NVOL_PM,24803.0,24805.5,24805.0,24799.0,STOP,-10.0,-13.4,-6.7
1758655618,2025-09-23 19:26:58.100,2025-09-23 19:27:00.407738,SHORT,3,P3_ASK_CONT_SELL_BELOW_NVOL_PM,24803.25,24805.75,24805.25,24799.25,STOP,-10.0,-13.4,-6.7
1758655652,2025-09-23 19:27:32.600,2025-09-23 19:28:17.375312,SHORT,3,P3_ASK_CONT_SELL_BELOW_NVOL_PM,24795.5,24798.0,24797.5,24791.5,STOP,-10.0,-13.4,-6.7
1758655740,2025-09-23 19:29:00.000,2025-09-23 19:29:16.146112,SHORT,3,P3_ASK_CONT_SELL_BELOW_NVOL_PM,24801.75,24804.25,24803.75,24797.75,STOP,-10.0,-13.4,-6.7
