"trade_date","entry_time","entry_et","side","entry_price","target_price","stop_price","execution_type","effective_fill_time","total_event_size","event_count_delta","slippage_ticks_rt","outcome","exit_time","net_pnl_usd","or_high","or_low","or_location","time_zone","running_daily_pnl","consecutive_losses","v6_2_running_pnl","v6_2_running_peak","v6_2_drawdown_from_peak"
"2025-09-24","2025-09-24 13:52:38.800","2025-09-24 09:52:38.800","SHORT",24796.75,24786.75,24801.75,"LIMIT","2025-09-24 13:52:38.800",83,-7,3,"STOP","2025-09-24 13:52:50.400",-115.7,24892.5,24826.25,"BELOW_OR","POST_OPEN",-115.7,1,-115.7,-115.7,0
"2025-09-24","2025-09-24 13:54:53.700","2025-09-24 09:54:53.700","SHORT",24801.75,24791.75,24806.75,"LIMIT","2025-09-24 13:54:53.700",100,2,3,"STOP","2025-09-24 13:55:14.100",-115.7,24892.5,24826.25,"BELOW_OR","POST_OPEN",-231.4,2,-231.4,-115.7,-115.7
"2025-09-24","2025-09-24 14:59:37.000","2025-09-24 10:59:37.000","SHORT",24796.25,24786.25,24801.25,"LIMIT","2025-09-24 14:59:37.000",80,-19,3,"STOP","2025-09-24 15:00:47.300",-115.7,24892.5,24826.25,"BELOW_OR","NORMAL",-347.1,3,-347.1,-115.7,-231.40000000000003
"2025-09-24","2025-09-24 17:48:55.800","2025-09-24 13:48:55.800","LONG",24706,24716,24701,"LIMIT","2025-09-24 17:48:55.800",81,5,3,"TARGET","2025-09-24 17:52:12.600",184.3,24892.5,24826.25,"BELOW_OR","NORMAL",-162.8,3,-162.8,-115.7,-47.10000000000001
"2025-09-24","2025-09-24 18:53:50.500","2025-09-24 14:53:50.500","LONG",24738,24748,24733,"LIMIT","2025-09-24 18:53:50.500",121,17,4,"STOP","2025-09-24 18:54:04.800",-120.7,24892.5,24826.25,"BELOW_OR","NORMAL",-283.5,4,-283.5,-115.7,-167.8
"2025-09-24","2025-09-24 18:57:24.300","2025-09-24 14:57:24.300","SHORT",24738,24728,24743,"LIMIT","2025-09-24 18:57:24.300",216,6,6,"STOP","2025-09-24 18:59:35.500",-130.7,24892.5,24826.25,"BELOW_OR","NORMAL",-414.2,5,-414.2,-115.7,-298.5
"2025-09-25","2025-09-25 14:52:21.100","2025-09-25 10:52:21.100","LONG",24628,24638,24623,"LIMIT","2025-09-25 14:52:21.100",217,6,6,"STOP","2025-09-25 14:52:30.200",-130.7,24557,24423.75,"ABOVE_OR","NORMAL",-130.7,1,-544.9,-115.7,-429.2
"2025-09-25","2025-09-25 17:50:36.700","2025-09-25 13:50:36.700","SHORT",24546.25,24536.25,24551.25,"LIMIT","2025-09-25 17:50:36.700",109,-1,4,"STOP","2025-09-25 17:50:55.200",-120.7,24557,24423.75,"INSIDE_OR","NORMAL",-251.39999999999998,2,-665.6,-115.7,-549.9
"2025-09-25","2025-09-25 17:54:05.500","2025-09-25 13:54:05.500","LONG",24548,24558,24543,"LIMIT","2025-09-25 17:54:05.500",69,7,3,"TARGET","2025-09-25 17:54:15.300",184.3,24557,24423.75,"INSIDE_OR","NORMAL",-67.09999999999997,2,-481.3,-115.7,-365.6
"2025-09-25","2025-09-25 17:54:58.300","2025-09-25 13:54:58.300","SHORT",24552.25,24542.25,24557.25,"LIMIT","2025-09-25 17:54:58.300",183,-5,4,"TARGET","2025-09-25 17:56:03.400",179.3,24557,24423.75,"INSIDE_OR","NORMAL",112.20000000000005,2,-302,-115.7,-186.3
"2025-09-25","2025-09-25 18:47:46.300","2025-09-25 14:47:46.300","SHORT",24598.75,24588.75,24603.75,"LIMIT","2025-09-25 18:47:46.300",115,-7,4,"STOP","2025-09-25 18:48:28.600",-120.7,24557,24423.75,"ABOVE_OR","NORMAL",-8.499999999999957,3,-422.7,-115.7,-307
"2025-09-25","2025-09-25 18:51:18.400","2025-09-25 14:51:18.400","LONG",24617.25,24627.25,24612.25,"LIMIT","2025-09-25 18:51:18.400",116,0,4,"STOP","2025-09-25 18:52:07.300",-120.7,24557,24423.75,"ABOVE_OR","NORMAL",-129.19999999999996,4,-543.4,-115.7,-427.7
"2025-09-25","2025-09-25 18:53:14.700","2025-09-25 14:53:14.700","LONG",24620,24630,24615,"LIMIT","2025-09-25 18:53:14.700",85,16,3,"TARGET","2025-09-25 18:54:22.100",184.3,24557,24423.75,"ABOVE_OR","NORMAL",55.10000000000005,4,-359.09999999999997,-115.7,-243.39999999999998
"2025-09-26","2025-09-26 13:49:20.700","2025-09-26 09:49:20.700","LONG",24704,24714,24699,"LIMIT","2025-09-26 13:49:20.700",104,23,4,"STOP","2025-09-26 13:49:56.800",-120.7,24710.5,24626.5,"INSIDE_OR","POST_OPEN",-120.7,1,-479.79999999999995,-115.7,-364.09999999999997
"2025-09-26","2025-09-26 13:58:39.300","2025-09-26 09:58:39.300","LONG",24702.5,24712.5,24697.5,"LIMIT","2025-09-26 13:58:39.300",118,91,4,"TARGET","2025-09-26 14:00:06.700",179.3,24710.5,24626.5,"INSIDE_OR","POST_OPEN",58.60000000000001,1,-300.49999999999994,-115.7,-184.79999999999995
"2025-09-26","2025-09-26 14:52:37.300","2025-09-26 10:52:37.300","SHORT",24579,24569,24584,"LIMIT","2025-09-26 14:52:37.300",77,-16,3,"STOP","2025-09-26 14:53:22.200",-115.7,24710.5,24626.5,"BELOW_OR","NORMAL",-57.099999999999994,2,-416.19999999999993,-115.7,-300.49999999999994
"2025-09-26","2025-09-26 14:54:53.100","2025-09-26 10:54:53.100","SHORT",24583.25,24573.25,24588.25,"LIMIT","2025-09-26 14:54:53.100",68,-2,3,"STOP","2025-09-26 14:55:06.500",-115.7,24710.5,24626.5,"BELOW_OR","NORMAL",-172.8,3,-531.9,-115.7,-416.2
"2025-09-26","2025-09-26 17:50:39.200","2025-09-26 13:50:39.200","LONG",24687.5,24697.5,24682.5,"LIMIT","2025-09-26 17:50:39.200",106,4,4,"TARGET","2025-09-26 17:53:12.100",179.3,24710.5,24626.5,"INSIDE_OR","NORMAL",6.5,3,-352.59999999999997,-115.7,-236.89999999999998
"2025-09-26","2025-09-26 18:45:00.800","2025-09-26 14:45:00.800","SHORT",24723.75,24713.75,24728.75,"LIMIT","2025-09-26 18:45:00.800",142,-11,4,"STOP","2025-09-26 18:45:58.600",-120.7,24710.5,24626.5,"ABOVE_OR","NORMAL",-114.2,4,-473.29999999999995,-115.7,-357.59999999999997
"2025-09-26","2025-09-26 18:47:51.300","2025-09-26 14:47:51.300","LONG",24719.75,24729.75,24714.75,"LIMIT","2025-09-26 18:47:51.300",94,8,3,"TARGET","2025-09-26 18:48:32.200",184.3,24710.5,24626.5,"ABOVE_OR","NORMAL",70.10000000000001,4,-288.99999999999994,-115.7,-173.29999999999995
"2025-09-26","2025-09-26 18:48:40.100","2025-09-26 14:48:40.100","LONG",24724.5,24734.5,24719.5,"LIMIT","2025-09-26 18:48:40.100",108,5,4,"TARGET","2025-09-26 18:48:56.300",179.3,24710.5,24626.5,"ABOVE_OR","NORMAL",249.40000000000003,4,-109.69999999999993,-109.69999999999993,0
"2025-09-26","2025-09-26 18:54:32.600","2025-09-26 14:54:32.600","LONG",24713.25,24723.25,24708.25,"LIMIT","2025-09-26 18:54:32.600",76,6,3,"TARGET","2025-09-26 18:54:38.600",184.3,24710.5,24626.5,"ABOVE_OR","NORMAL",433.70000000000005,4,74.60000000000008,74.60000000000008,0
"2025-09-26","2025-09-26 18:59:54.200","2025-09-26 14:59:54.200","LONG",24726,24736,24721,"LIMIT","2025-09-26 18:59:54.200",58,1,3,"TARGET","2025-09-26 19:00:05.300",184.3,24710.5,24626.5,"ABOVE_OR","NORMAL",618,4,258.9000000000001,258.9000000000001,0
"2025-09-29","2025-09-29 13:46:59.400","2025-09-29 09:46:59.400","LONG",24927,24937,24922,"LIMIT","2025-09-29 13:46:59.400",231,12,6,"TARGET","2025-09-29 13:47:25.800",169.3,24914.25,24854.75,"ABOVE_OR","POST_OPEN",169.3,0,428.2000000000001,428.2000000000001,0
"2025-09-29","2025-09-29 14:50:32.500","2025-09-29 10:50:32.500","LONG",24952.5,24962.5,24947.5,"LIMIT","2025-09-29 14:50:32.500",115,42,4,"STOP","2025-09-29 14:50:46.400",-120.7,24914.25,24854.75,"ABOVE_OR","NORMAL",48.60000000000001,1,307.5000000000001,428.2000000000001,-120.69999999999999
"2025-09-29","2025-09-29 14:52:42.100","2025-09-29 10:52:42.100","SHORT",24958,24948,24963,"LIMIT","2025-09-29 14:52:42.100",76,3,3,"TARGET","2025-09-29 14:53:16.200",184.3,24914.25,24854.75,"ABOVE_OR","NORMAL",232.90000000000003,1,491.8000000000001,491.8000000000001,0
"2025-09-29","2025-09-29 14:55:08.700","2025-09-29 10:55:08.700","SHORT",24943,24933,24948,"LIMIT","2025-09-29 14:55:08.700",80,3,3,"TARGET","2025-09-29 14:56:06.600",184.3,24914.25,24854.75,"ABOVE_OR","NORMAL",417.20000000000005,1,676.1000000000001,676.1000000000001,0
"2025-09-29","2025-09-29 17:50:38.900","2025-09-29 13:50:38.900","SHORT",24825.5,24815.5,24830.5,"LIMIT","2025-09-29 17:50:38.900",69,-15,3,"STOP","2025-09-29 17:51:05.800",-115.7,24914.25,24854.75,"BELOW_OR","NORMAL",301.50000000000006,2,560.4000000000001,676.1000000000001,-115.70000000000005
"2025-09-29","2025-09-29 17:51:42.800","2025-09-29 13:51:42.800","SHORT",24837.25,24827.25,24842.25,"LIMIT","2025-09-29 17:51:42.800",67,-8,3,"STOP","2025-09-29 17:52:37.600",-115.7,24914.25,24854.75,"BELOW_OR","NORMAL",185.80000000000007,3,444.7000000000001,676.1000000000001,-231.40000000000003
"2025-09-29","2025-09-29 18:53:18.800","2025-09-29 14:53:18.800","SHORT",24842.25,24832.25,24847.25,"LIMIT","2025-09-29 18:53:18.800",72,-6,3,"STOP","2025-09-29 18:59:14.300",-115.7,24914.25,24854.75,"BELOW_OR","NORMAL",70.10000000000007,4,329.0000000000001,676.1000000000001,-347.1
"2025-09-30","2025-09-30 14:49:58.700","2025-09-30 10:49:58.700","LONG",24829.5,24839.5,24824.5,"LIMIT","2025-09-30 14:49:58.700",293,17,6,"STOP","2025-09-30 14:50:11.400",-130.7,24825.75,24742.75,"ABOVE_OR","NORMAL",-130.7,1,198.30000000000013,676.1000000000001,-477.8
"2025-09-30","2025-09-30 14:53:07.400","2025-09-30 10:53:07.400","LONG",24829.5,24839.5,24824.5,"MARKET","2025-09-30 14:53:07.400",477,-5,8,"STOP","2025-09-30 14:53:13.700",-140.7,24825.75,24742.75,"ABOVE_OR","NORMAL",-271.4,2,57.600000000000136,676.1000000000001,-618.5
"2025-09-30","2025-09-30 17:47:35.000","2025-09-30 13:47:35.000","SHORT",24772,24762,24777,"LIMIT","2025-09-30 17:47:35.000",120,-2,4,"STOP","2025-09-30 17:48:56.200",-120.7,24825.75,24742.75,"INSIDE_OR","NORMAL",-392.09999999999997,3,-63.099999999999866,676.1000000000001,-739.2
"2025-09-30","2025-09-30 17:49:49.200","2025-09-30 13:49:49.200","SHORT",24775.75,24765.75,24780.75,"LIMIT","2025-09-30 17:49:49.200",68,-20,3,"STOP","2025-09-30 17:50:07.700",-115.7,24825.75,24742.75,"INSIDE_OR","NORMAL",-507.79999999999995,4,-178.79999999999987,676.1000000000001,-854.9
"2025-09-30","2025-09-30 17:53:44.300","2025-09-30 13:53:44.300","SHORT",24794,24784,24799,"LIMIT","2025-09-30 17:53:44.300",58,-1,3,"STOP","2025-09-30 17:53:57.000",-115.7,24825.75,24742.75,"INSIDE_OR","NORMAL",-623.5,5,-294.4999999999999,676.1000000000001,-970.6
"2025-09-30","2025-09-30 17:54:12.300","2025-09-30 13:54:12.300","SHORT",24796.25,24786.25,24801.25,"LIMIT","2025-09-30 17:54:12.300",150,-15,4,"TARGET","2025-09-30 17:55:22.500",179.3,24825.75,24742.75,"INSIDE_OR","NORMAL",-444.2,5,-115.19999999999987,676.1000000000001,-791.3
"2025-09-30","2025-09-30 18:46:24.700","2025-09-30 14:46:24.700","SHORT",24835,24825,24840,"LIMIT","2025-09-30 18:46:24.700",119,1,4,"STOP","2025-09-30 18:47:10.500",-120.7,24825.75,24742.75,"ABOVE_OR","NORMAL",-564.9,6,-235.89999999999986,676.1000000000001,-912
"2025-09-30","2025-09-30 18:47:15.500","2025-09-30 14:47:15.500","SHORT",24844,24834,24849,"LIMIT","2025-09-30 18:47:15.500",93,-19,3,"STOP","2025-09-30 18:48:05.200",-115.7,24825.75,24742.75,"ABOVE_OR","NORMAL",-680.6,7,-351.59999999999985,676.1000000000001,-1027.7
"2025-10-01","2025-10-01 13:45:50.600","2025-10-01 09:45:50.600","LONG",24807,24817,24802,"LIMIT","2025-10-01 13:45:50.600",127,-4,4,"STOP","2025-10-01 13:47:45.400",-120.7,24840.75,24745.75,"INSIDE_OR","POST_OPEN",-120.7,1,-472.29999999999984,676.1000000000001,-1148.4
"2025-10-01","2025-10-01 14:45:07.300","2025-10-01 10:45:07.300","LONG",24886.75,24896.75,24881.75,"LIMIT","2025-10-01 14:45:07.300",108,13,4,"STOP","2025-10-01 14:45:48.000",-120.7,24840.75,24745.75,"ABOVE_OR","NORMAL",-241.4,2,-592.9999999999999,676.1000000000001,-1269.1
"2025-10-01","2025-10-01 14:54:55.400","2025-10-01 10:54:55.400","LONG",24899,24909,24894,"LIMIT","2025-10-01 14:54:55.400",112,14,4,"STOP","2025-10-01 14:55:28.900",-120.7,24840.75,24745.75,"ABOVE_OR","NORMAL",-362.1,3,-713.6999999999999,676.1000000000001,-1389.8000000000002
"2025-10-01","2025-10-01 14:56:19.400","2025-10-01 10:56:19.400","SHORT",24893.5,24883.5,24898.5,"LIMIT","2025-10-01 14:56:19.400",109,-10,4,"STOP","2025-10-01 14:57:11.700",-120.7,24840.75,24745.75,"ABOVE_OR","NORMAL",-482.8,4,-834.4,676.1000000000001,-1510.5
"2025-10-01","2025-10-01 14:57:50.500","2025-10-01 10:57:50.500","LONG",24897.75,24907.75,24892.75,"LIMIT","2025-10-01 14:57:50.500",98,3,3,"STOP","2025-10-01 14:58:27.600",-115.7,24840.75,24745.75,"ABOVE_OR","NORMAL",-598.5,5,-950.1,676.1000000000001,-1626.2000000000003
"2025-10-01","2025-10-01 17:52:44.100","2025-10-01 13:52:44.100","LONG",24974,24984,24969,"LIMIT","2025-10-01 17:52:44.100",80,8,3,"TARGET","2025-10-01 17:53:23.300",184.3,24840.75,24745.75,"ABOVE_OR","NORMAL",-414.2,5,-765.8,676.1000000000001,-1441.9
"2025-10-01","2025-10-01 17:54:20.900","2025-10-01 13:54:20.900","SHORT",24972.5,24962.5,24977.5,"LIMIT","2025-10-01 17:54:20.900",129,-8,4,"STOP","2025-10-01 17:56:34.500",-120.7,24840.75,24745.75,"ABOVE_OR","NORMAL",-534.9,6,-886.5,676.1000000000001,-1562.6000000000001
"2025-10-01","2025-10-01 17:56:49.900","2025-10-01 13:56:49.900","SHORT",24977,24967,24982,"LIMIT","2025-10-01 17:56:49.900",101,-23,4,"STOP","2025-10-01 17:57:24.700",-120.7,24840.75,24745.75,"ABOVE_OR","NORMAL",-655.6,7,-1007.2,676.1000000000001,-1683.3000000000002
"2025-10-01","2025-10-01 18:47:03.000","2025-10-01 14:47:03.000","LONG",25027,25037,25022,"LIMIT","2025-10-01 18:47:03.000",55,2,3,"TARGET","2025-10-01 18:50:03.400",184.3,24840.75,24745.75,"ABOVE_OR","NORMAL",-471.3,7,-822.9000000000001,676.1000000000001,-1499.0000000000002
"2025-10-01","2025-10-01 18:51:15.400","2025-10-01 14:51:15.400","LONG",25025.5,25035.5,25020.5,"LIMIT","2025-10-01 18:51:15.400",81,8,3,"TARGET","2025-10-01 18:51:38.700",184.3,24840.75,24745.75,"ABOVE_OR","NORMAL",-287,7,-638.6000000000001,676.1000000000001,-1314.7000000000003
"2025-10-01","2025-10-01 18:52:10.600","2025-10-01 14:52:10.600","LONG",25029.25,25039.25,25024.25,"LIMIT","2025-10-01 18:52:10.600",67,11,3,"STOP","2025-10-01 18:54:37.700",-115.7,24840.75,24745.75,"ABOVE_OR","NORMAL",-402.7,8,-754.3000000000002,676.1000000000001,-1430.4000000000003
"2025-10-01","2025-10-01 18:56:10.600","2025-10-01 14:56:10.600","LONG",25021.75,25031.75,25016.75,"LIMIT","2025-10-01 18:56:10.600",58,2,3,"TARGET","2025-10-01 18:58:25.200",184.3,24840.75,24745.75,"ABOVE_OR","NORMAL",-218.39999999999998,8,-570.0000000000002,676.1000000000001,-1246.1000000000004
"2025-10-02","2025-10-02 13:59:48.400","2025-10-02 09:59:48.400","SHORT",25059,25049,25064,"LIMIT","2025-10-02 13:59:48.400",162,-3,4,"TARGET","2025-10-02 14:00:32.100",179.3,25151,25040.25,"INSIDE_OR","POST_OPEN",179.3,0,-390.7000000000002,676.1000000000001,-1066.8000000000004
"2025-10-02","2025-10-02 14:46:04.200","2025-10-02 10:46:04.200","LONG",25053.5,25063.5,25048.5,"LIMIT","2025-10-02 14:46:04.200",77,36,3,"STOP","2025-10-02 14:46:18.400",-115.7,25151,25040.25,"INSIDE_OR","NORMAL",63.60000000000001,1,-506.4000000000002,676.1000000000001,-1182.5000000000005
"2025-10-02","2025-10-02 14:48:36.600","2025-10-02 10:48:36.600","LONG",25050,25060,25045,"LIMIT","2025-10-02 14:48:36.600",201,15,6,"STOP","2025-10-02 14:50:28.300",-130.7,25151,25040.25,"INSIDE_OR","NORMAL",-67.09999999999998,2,-637.1000000000001,676.1000000000001,-1313.2000000000003
"2025-10-02","2025-10-02 14:53:50.200","2025-10-02 10:53:50.200","LONG",25035.5,25045.5,25030.5,"LIMIT","2025-10-02 14:53:50.200",107,17,4,"STOP","2025-10-02 14:54:48.500",-120.7,25151,25040.25,"BELOW_OR","NORMAL",-187.79999999999998,3,-757.8000000000002,676.1000000000001,-1433.9000000000003
"2025-10-02","2025-10-02 17:53:54.800","2025-10-02 13:53:54.800","LONG",25094,25104,25089,"LIMIT","2025-10-02 17:53:54.800",115,2,4,"TARGET","2025-10-02 17:54:02.200",179.3,25151,25040.25,"INSIDE_OR","NORMAL",-8.499999999999972,3,-578.5000000000002,676.1000000000001,-1254.6000000000004
"2025-10-02","2025-10-02 17:55:48.000","2025-10-02 13:55:48.000","SHORT",25088.25,25078.25,25093.25,"MARKET","2025-10-02 17:55:48.000",418,2,8,"STOP","2025-10-02 17:56:07.700",-140.7,25151,25040.25,"INSIDE_OR","NORMAL",-149.19999999999996,4,-719.2000000000003,676.1000000000001,-1395.3000000000004
"2025-10-02","2025-10-02 17:57:26.000","2025-10-02 13:57:26.000","SHORT",25088.5,25078.5,25093.5,"LIMIT","2025-10-02 17:57:26.000",115,5,4,"STOP","2025-10-02 17:57:28.300",-120.7,25151,25040.25,"INSIDE_OR","NORMAL",-269.9,5,-839.9000000000003,676.1000000000001,-1516.0000000000005
"2025-10-02","2025-10-02 17:59:28.700","2025-10-02 13:59:28.700","SHORT",25087.75,25077.75,25092.75,"LIMIT","2025-10-02 17:59:28.700",106,-2,4,"STOP","2025-10-02 17:59:49.100",-120.7,25151,25040.25,"INSIDE_OR","NORMAL",-390.59999999999997,6,-960.6000000000004,676.1000000000001,-1636.7000000000005
"2025-10-02","2025-10-02 18:48:13.600","2025-10-02 14:48:13.600","LONG",25106.5,25116.5,25101.5,"LIMIT","2025-10-02 18:48:13.600",78,7,3,"TARGET","2025-10-02 18:48:36.800",184.3,25151,25040.25,"INSIDE_OR","NORMAL",-206.29999999999995,6,-776.3000000000004,676.1000000000001,-1452.4000000000005
"2025-10-02","2025-10-02 18:53:32.000","2025-10-02 14:53:32.000","LONG",25107.75,25117.75,25102.75,"LIMIT","2025-10-02 18:53:32.000",80,-2,3,"TARGET","2025-10-02 18:54:33.300",184.3,25151,25040.25,"INSIDE_OR","NORMAL",-21.999999999999943,6,-592.0000000000005,676.1000000000001,-1268.1000000000006
"2025-10-02","2025-10-02 18:57:14.800","2025-10-02 14:57:14.800","SHORT",25113.75,25103.75,25118.75,"LIMIT","2025-10-02 18:57:14.800",81,-5,3,"STOP","2025-10-02 18:58:48.200",-115.7,25151,25040.25,"INSIDE_OR","NORMAL",-137.69999999999993,7,-707.7000000000005,676.1000000000001,-1383.8000000000006
"2025-10-03","2025-10-03 13:45:03.200","2025-10-03 09:45:03.200","SHORT",25133.5,25123.5,25138.5,"LIMIT","2025-10-03 13:45:03.200",113,1,4,"STOP","2025-10-03 13:45:23.400",-120.7,25164,25117.75,"INSIDE_OR","POST_OPEN",-120.7,1,-828.4000000000005,676.1000000000001,-1504.5000000000007
"2025-10-03","2025-10-03 13:47:52.800","2025-10-03 09:47:52.800","LONG",25153.75,25163.75,25148.75,"LIMIT","2025-10-03 13:47:52.800",162,27,4,"STOP","2025-10-03 13:48:35.300",-120.7,25164,25117.75,"INSIDE_OR","POST_OPEN",-241.4,2,-949.1000000000006,676.1000000000001,-1625.2000000000007
"2025-10-03","2025-10-03 13:48:53.300","2025-10-03 09:48:53.300","LONG",25146.5,25156.5,25141.5,"LIMIT","2025-10-03 13:48:53.300",201,5,6,"STOP","2025-10-03 13:50:43.200",-130.7,25164,25117.75,"INSIDE_OR","POST_OPEN",-372.1,3,-1079.8000000000006,676.1000000000001,-1755.9000000000008
"2025-10-03","2025-10-03 13:53:44.700","2025-10-03 09:53:44.700","LONG",25158,25168,25153,"LIMIT","2025-10-03 13:53:44.700",102,2,4,"STOP","2025-10-03 13:54:07.300",-120.7,25164,25117.75,"INSIDE_OR","POST_OPEN",-492.8,4,-1200.5000000000007,676.1000000000001,-1876.6000000000008
"2025-10-03","2025-10-03 13:54:07.300","2025-10-03 09:54:07.300","LONG",25151.75,25161.75,25146.75,"LIMIT","2025-10-03 13:54:07.300",119,10,4,"STOP","2025-10-03 13:54:22.800",-120.7,25164,25117.75,"INSIDE_OR","POST_OPEN",-613.5,5,-1321.2000000000007,676.1000000000001,-1997.3000000000009
"2025-10-03","2025-10-03 13:57:21.800","2025-10-03 09:57:21.800","SHORT",25109.75,25099.75,25114.75,"LIMIT","2025-10-03 13:57:21.800",249,12,6,"STOP","2025-10-03 13:57:31.500",-130.7,25164,25117.75,"BELOW_OR","POST_OPEN",-744.2,6,-1451.9000000000008,676.1000000000001,-2128.000000000001
"2025-10-03","2025-10-03 13:59:12.100","2025-10-03 09:59:12.100","SHORT",25107.25,25097.25,25112.25,"LIMIT","2025-10-03 13:59:12.100",230,0,6,"TARGET","2025-10-03 14:00:30.900",169.3,25164,25117.75,"BELOW_OR","POST_OPEN",-574.9000000000001,6,-1282.6000000000008,676.1000000000001,-1958.700000000001
"2025-10-03","2025-10-03 14:46:45.700","2025-10-03 10:46:45.700","SHORT",25114.75,25104.75,25119.75,"LIMIT","2025-10-03 14:46:45.700",150,5,4,"TARGET","2025-10-03 14:48:29.100",179.3,25164,25117.75,"BELOW_OR","NORMAL",-395.6000000000001,6,-1103.3000000000009,676.1000000000001,-1779.400000000001
"2025-10-03","2025-10-03 14:52:12.100","2025-10-03 10:52:12.100","LONG",25108,25118,25103,"LIMIT","2025-10-03 14:52:12.100",130,-14,4,"TARGET","2025-10-03 14:54:32.700",179.3,25164,25117.75,"BELOW_OR","NORMAL",-216.30000000000007,6,-924.0000000000009,676.1000000000001,-1600.100000000001
"2025-10-03","2025-10-03 14:54:54.600","2025-10-03 10:54:54.600","LONG",25120.75,25130.75,25115.75,"LIMIT","2025-10-03 14:54:54.600",132,3,4,"STOP","2025-10-03 14:56:13.200",-120.7,25164,25117.75,"INSIDE_OR","NORMAL",-337.00000000000006,7,-1044.700000000001,676.1000000000001,-1720.800000000001
"2025-10-03","2025-10-03 14:56:24.000","2025-10-03 10:56:24.000","SHORT",25115,25105,25120,"LIMIT","2025-10-03 14:56:24.000",96,-5,3,"STOP","2025-10-03 14:56:50.500",-115.7,25164,25117.75,"BELOW_OR","NORMAL",-452.70000000000005,8,-1160.400000000001,676.1000000000001,-1836.5000000000011
"2025-10-03","2025-10-03 18:47:55.800","2025-10-03 14:47:55.800","SHORT",25006.25,24996.25,25011.25,"LIMIT","2025-10-03 18:47:55.800",98,-1,3,"TARGET","2025-10-03 18:49:17.700",184.3,25164,25117.75,"BELOW_OR","NORMAL",-268.40000000000003,8,-976.100000000001,676.1000000000001,-1652.2000000000012
"2025-10-03","2025-10-03 18:49:46.700","2025-10-03 14:49:46.700","SHORT",24988.5,24978.5,24993.5,"LIMIT","2025-10-03 18:49:46.700",140,-52,4,"STOP","2025-10-03 18:50:23.700",-120.7,25164,25117.75,"BELOW_OR","NORMAL",-389.1,9,-1096.800000000001,676.1000000000001,-1772.9000000000012
"2025-10-03","2025-10-03 18:52:56.000","2025-10-03 14:52:56.000","SHORT",24986.5,24976.5,24991.5,"LIMIT","2025-10-03 18:52:56.000",104,3,4,"STOP","2025-10-03 18:53:11.500",-120.7,25164,25117.75,"BELOW_OR","NORMAL",-509.8,10,-1217.5000000000011,676.1000000000001,-1893.6000000000013
"2025-10-06","2025-10-06 14:48:13.000","2025-10-06 10:48:13.000","SHORT",25137,25127,25142,"LIMIT","2025-10-06 14:48:13.000",101,-8,4,"STOP","2025-10-06 14:48:29.800",-120.7,25202.75,25120.25,"INSIDE_OR","NORMAL",-120.7,1,-1338.2000000000012,676.1000000000001,-2014.3000000000013
"2025-10-06","2025-10-06 14:49:10.900","2025-10-06 10:49:10.900","SHORT",25156,25146,25161,"LIMIT","2025-10-06 14:49:10.900",83,-15,3,"TARGET","2025-10-06 14:50:14.500",184.3,25202.75,25120.25,"INSIDE_OR","NORMAL",63.60000000000001,1,-1153.9000000000012,676.1000000000001,-1830.0000000000014
"2025-10-06","2025-10-06 14:52:57.500","2025-10-06 10:52:57.500","SHORT",25149,25139,25154,"LIMIT","2025-10-06 14:52:57.500",91,-45,3,"TARGET","2025-10-06 14:53:52.100",184.3,25202.75,25120.25,"INSIDE_OR","NORMAL",247.90000000000003,1,-969.6000000000013,676.1000000000001,-1645.7000000000014
"2025-10-06","2025-10-06 17:45:54.200","2025-10-06 13:45:54.200","SHORT",25213.75,25203.75,25218.75,"LIMIT","2025-10-06 17:45:54.200",83,-47,3,"STOP","2025-10-06 17:46:05.100",-115.7,25202.75,25120.25,"ABOVE_OR","NORMAL",132.20000000000005,2,-1085.3000000000013,676.1000000000001,-1761.4000000000015
"2025-10-06","2025-10-06 17:51:20.800","2025-10-06 13:51:20.800","SHORT",25227,25217,25232,"LIMIT","2025-10-06 17:51:20.800",82,-19,3,"STOP","2025-10-06 17:51:36.200",-115.7,25202.75,25120.25,"ABOVE_OR","NORMAL",16.500000000000043,3,-1201.0000000000014,676.1000000000001,-1877.1000000000015
"2025-10-06","2025-10-06 17:51:36.800","2025-10-06 13:51:36.800","SHORT",25228,25218,25233,"LIMIT","2025-10-06 17:51:36.800",72,0,3,"STOP","2025-10-06 17:52:41.900",-115.7,25202.75,25120.25,"ABOVE_OR","NORMAL",-99.19999999999996,4,-1316.7000000000014,676.1000000000001,-1992.8000000000015
"2025-10-06","2025-10-06 17:59:33.100","2025-10-06 13:59:33.100","SHORT",25227.25,25217.25,25232.25,"LIMIT","2025-10-06 17:59:33.100",157,-25,4,"STOP","2025-10-06 17:59:59.600",-120.7,25202.75,25120.25,"ABOVE_OR","NORMAL",-219.89999999999998,5,-1437.4000000000015,676.1000000000001,-2113.500000000002
"2025-10-06","2025-10-06 18:46:32.000","2025-10-06 14:46:32.000","SHORT",25236,25226,25241,"LIMIT","2025-10-06 18:46:32.000",100,-3,3,"STOP","2025-10-06 18:46:57.700",-115.7,25202.75,25120.25,"ABOVE_OR","NORMAL",-335.59999999999997,6,-1553.1000000000015,676.1000000000001,-2229.2000000000016
"2025-10-06","2025-10-06 18:47:40.600","2025-10-06 14:47:40.600","SHORT",25241.25,25231.25,25246.25,"LIMIT","2025-10-06 18:47:40.600",124,-8,4,"STOP","2025-10-06 18:47:57.600",-120.7,25202.75,25120.25,"ABOVE_OR","NORMAL",-456.29999999999995,7,-1673.8000000000015,676.1000000000001,-2349.9000000000015
"2025-10-06","2025-10-06 18:49:10.700","2025-10-06 14:49:10.700","LONG",25241,25251,25236,"LIMIT","2025-10-06 18:49:10.700",87,-3,3,"TARGET","2025-10-06 18:49:47.100",184.3,25202.75,25120.25,"ABOVE_OR","NORMAL",-271.99999999999994,7,-1489.5000000000016,676.1000000000001,-2165.6000000000017
"2025-10-06","2025-10-06 18:52:37.700","2025-10-06 14:52:37.700","LONG",25244.25,25254.25,25239.25,"MARKET","2025-10-06 18:52:37.700",698,-5,8,"TARGET","2025-10-06 18:52:43.100",159.3,25202.75,25120.25,"ABOVE_OR","NORMAL",-112.69999999999993,7,-1330.2000000000016,676.1000000000001,-2006.3000000000018
"2025-10-06","2025-10-06 18:58:33.700","2025-10-06 14:58:33.700","SHORT",25236.25,25226.25,25241.25,"LIMIT","2025-10-06 18:58:33.700",114,-6,4,"STOP","2025-10-06 18:58:39.300",-120.7,25202.75,25120.25,"ABOVE_OR","NORMAL",-233.39999999999992,8,-1450.9000000000017,676.1000000000001,-2127.000000000002
"2025-10-07","2025-10-07 13:50:49.800","2025-10-07 09:50:49.800","SHORT",25238,25228,25243,"LIMIT","2025-10-07 13:50:49.800",256,-9,6,"STOP","2025-10-07 13:51:00.900",-130.7,25258.25,25222,"INSIDE_OR","POST_OPEN",-130.7,1,-1581.6000000000017,676.1000000000001,-2257.7000000000016
"2025-10-07","2025-10-07 13:51:21.800","2025-10-07 09:51:21.800","SHORT",25238.25,25228.25,25243.25,"LIMIT","2025-10-07 13:51:21.800",58,-26,3,"STOP","2025-10-07 13:54:31.300",-115.7,25258.25,25222,"INSIDE_OR","POST_OPEN",-246.39999999999998,2,-1697.3000000000018,676.1000000000001,-2373.400000000002
"2025-10-07","2025-10-07 13:55:49.600","2025-10-07 09:55:49.600","LONG",25263.5,25273.5,25258.5,"LIMIT","2025-10-07 13:55:49.600",100,41,3,"STOP","2025-10-07 13:56:22.100",-115.7,25258.25,25222,"ABOVE_OR","POST_OPEN",-362.09999999999997,3,-1813.0000000000018,676.1000000000001,-2489.100000000002
"2025-10-07","2025-10-07 14:45:47.200","2025-10-07 10:45:47.200","SHORT",25192.5,25182.5,25197.5,"LIMIT","2025-10-07 14:45:47.200",82,-17,3,"STOP","2025-10-07 14:46:42.600",-115.7,25258.25,25222,"BELOW_OR","NORMAL",-477.79999999999995,4,-1928.7000000000019,676.1000000000001,-2604.800000000002
"2025-10-07","2025-10-07 14:56:13.000","2025-10-07 10:56:13.000","SHORT",25185.25,25175.25,25190.25,"LIMIT","2025-10-07 14:56:13.000",149,-9,4,"TARGET","2025-10-07 14:56:49.600",179.3,25258.25,25222,"BELOW_OR","NORMAL",-298.49999999999994,4,-1749.400000000002,676.1000000000001,-2425.500000000002
"2025-10-07","2025-10-07 14:56:53.000","2025-10-07 10:56:53.000","SHORT",25174.5,25164.5,25179.5,"LIMIT","2025-10-07 14:56:53.000",161,-11,4,"STOP","2025-10-07 14:56:59.700",-120.7,25258.25,25222,"BELOW_OR","NORMAL",-419.19999999999993,5,-1870.100000000002,676.1000000000001,-2546.200000000002
"2025-10-07","2025-10-07 14:57:03.400","2025-10-07 10:57:03.400","LONG",25184,25194,25179,"LIMIT","2025-10-07 14:57:03.400",100,45,3,"STOP","2025-10-07 15:01:33.100",-115.7,25258.25,25222,"BELOW_OR","NORMAL",-534.9,6,-1985.800000000002,676.1000000000001,-2661.9000000000024
"2025-10-07","2025-10-07 17:45:29.100","2025-10-07 13:45:29.100","SHORT",25041.75,25031.75,25046.75,"LIMIT","2025-10-07 17:45:29.100",211,-120,6,"STOP","2025-10-07 17:46:02.300",-130.7,25258.25,25222,"BELOW_OR","NORMAL",-665.5999999999999,7,-2116.500000000002,676.1000000000001,-2792.600000000002
"2025-10-07","2025-10-07 17:53:33.800","2025-10-07 13:53:33.800","SHORT",25021,25011,25026,"LIMIT","2025-10-07 17:53:33.800",156,1,4,"STOP","2025-10-07 17:53:53.300",-120.7,25258.25,25222,"BELOW_OR","NORMAL",-786.3,8,-2237.2000000000016,676.1000000000001,-2913.300000000002
"2025-10-07","2025-10-07 17:56:10.100","2025-10-07 13:56:10.100","SHORT",25018.75,25008.75,25023.75,"LIMIT","2025-10-07 17:56:10.100",99,-2,3,"STOP","2025-10-07 17:56:43.100",-115.7,25258.25,25222,"BELOW_OR","NORMAL",-902,9,-2352.9000000000015,676.1000000000001,-3029.000000000002
"2025-10-07","2025-10-07 18:49:58.000","2025-10-07 14:49:58.000","LONG",25041.5,25051.5,25036.5,"LIMIT","2025-10-07 18:49:58.000",65,3,3,"TARGET","2025-10-07 18:50:20.600",184.3,25258.25,25222,"BELOW_OR","NORMAL",-717.7,9,-2168.6000000000013,676.1000000000001,-2844.7000000000016
"2025-10-07","2025-10-07 18:52:09.100","2025-10-07 14:52:09.100","LONG",25044.75,25054.75,25039.75,"LIMIT","2025-10-07 18:52:09.100",85,14,3,"TARGET","2025-10-07 18:52:36.100",184.3,25258.25,25222,"BELOW_OR","NORMAL",-533.4000000000001,9,-1984.3000000000013,676.1000000000001,-2660.4000000000015
"2025-10-07","2025-10-07 18:54:35.200","2025-10-07 14:54:35.200","SHORT",25047.25,25037.25,25052.25,"LIMIT","2025-10-07 18:54:35.200",149,3,4,"STOP","2025-10-07 18:59:12.200",-120.7,25258.25,25222,"BELOW_OR","NORMAL",-654.1000000000001,10,-2105.0000000000014,676.1000000000001,-2781.1000000000013
"2025-10-08","2025-10-08 13:58:13.900","2025-10-08 09:58:13.900","LONG",25179.25,25189.25,25174.25,"LIMIT","2025-10-08 13:58:13.900",233,20,6,"STOP","2025-10-08 13:59:54.000",-130.7,25148.75,25087.25,"ABOVE_OR","POST_OPEN",-130.7,1,-2235.700000000001,676.1000000000001,-2911.800000000001
"2025-10-08","2025-10-08 14:46:38.500","2025-10-08 10:46:38.500","LONG",25198.25,25208.25,25193.25,"LIMIT","2025-10-08 14:46:38.500",90,6,3,"STOP","2025-10-08 14:46:44.500",-115.7,25148.75,25087.25,"ABOVE_OR","NORMAL",-246.39999999999998,2,-2351.400000000001,676.1000000000001,-3027.500000000001
"2025-10-08","2025-10-08 14:49:13.300","2025-10-08 10:49:13.300","SHORT",25195.5,25185.5,25200.5,"LIMIT","2025-10-08 14:49:13.300",79,-12,3,"TARGET","2025-10-08 14:50:21.800",184.3,25148.75,25087.25,"ABOVE_OR","NORMAL",-62.099999999999966,2,-2167.100000000001,676.1000000000001,-2843.2000000000007
"2025-10-08","2025-10-08 14:53:54.600","2025-10-08 10:53:54.600","SHORT",25178.75,25168.75,25183.75,"LIMIT","2025-10-08 14:53:54.600",172,-16,4,"STOP","2025-10-08 14:58:14.200",-120.7,25148.75,25087.25,"ABOVE_OR","NORMAL",-182.79999999999995,3,-2287.8000000000006,676.1000000000001,-2963.9000000000005
"2025-10-08","2025-10-08 14:59:23.400","2025-10-08 10:59:23.400","SHORT",25186.5,25176.5,25191.5,"LIMIT","2025-10-08 14:59:23.400",125,-6,4,"STOP","2025-10-08 14:59:57.200",-120.7,25148.75,25087.25,"ABOVE_OR","NORMAL",-303.49999999999994,4,-2408.5000000000005,676.1000000000001,-3084.6000000000004
"2025-10-08","2025-10-08 17:47:09.300","2025-10-08 13:47:09.300","SHORT",25268.25,25258.25,25273.25,"LIMIT","2025-10-08 17:47:09.300",128,-5,4,"STOP","2025-10-08 17:48:26.400",-120.7,25148.75,25087.25,"ABOVE_OR","NORMAL",-424.19999999999993,5,-2529.2000000000003,676.1000000000001,-3205.3
"2025-10-08","2025-10-08 17:51:27.100","2025-10-08 13:51:27.100","SHORT",25274,25264,25279,"LIMIT","2025-10-08 17:51:27.100",109,-38,4,"STOP","2025-10-08 17:51:54.000",-120.7,25148.75,25087.25,"ABOVE_OR","NORMAL",-544.9,6,-2649.9,676.1000000000001,-3326
"2025-10-08","2025-10-08 17:54:27.000","2025-10-08 13:54:27.000","SHORT",25269.5,25259.5,25274.5,"LIMIT","2025-10-08 17:54:27.000",122,-15,4,"STOP","2025-10-08 17:59:57.600",-120.7,25148.75,25087.25,"ABOVE_OR","NORMAL",-665.6,7,-2770.6,676.1000000000001,-3446.7
"2025-10-08","2025-10-08 18:50:28.500","2025-10-08 14:50:28.500","SHORT",25274.5,25264.5,25279.5,"LIMIT","2025-10-08 18:50:28.500",152,5,4,"STOP","2025-10-08 18:51:14.200",-120.7,25148.75,25087.25,"ABOVE_OR","NORMAL",-786.3000000000001,8,-2891.2999999999997,676.1000000000001,-3567.3999999999996
"2025-10-08","2025-10-08 18:52:58.700","2025-10-08 14:52:58.700","LONG",25278.25,25288.25,25273.25,"LIMIT","2025-10-08 18:52:58.700",96,35,3,"STOP","2025-10-08 18:53:33.200",-115.7,25148.75,25087.25,"ABOVE_OR","NORMAL",-902.0000000000001,9,-3006.9999999999995,676.1000000000001,-3683.0999999999995
"2025-10-08","2025-10-08 18:57:08.700","2025-10-08 14:57:08.700","SHORT",25270.5,25260.5,25275.5,"LIMIT","2025-10-08 18:57:08.700",74,-22,3,"STOP","2025-10-08 18:57:51.000",-115.7,25148.75,25087.25,"ABOVE_OR","NORMAL",-1017.7000000000002,10,-3122.6999999999994,676.1000000000001,-3798.7999999999993
"2025-10-08","2025-10-08 18:59:24.800","2025-10-08 14:59:24.800","LONG",25272.5,25282.5,25267.5,"LIMIT","2025-10-08 18:59:24.800",83,13,3,"TARGET","2025-10-08 18:59:46.500",184.3,25148.75,25087.25,"ABOVE_OR","NORMAL",-833.4000000000001,10,-2938.399999999999,676.1000000000001,-3614.499999999999
"2025-10-09","2025-10-09 13:53:20.300","2025-10-09 09:53:20.300","LONG",25279.75,25289.75,25274.75,"LIMIT","2025-10-09 13:53:20.300",263,12,6,"STOP","2025-10-09 13:53:24.200",-130.7,25330.5,25260.5,"INSIDE_OR","POST_OPEN",-130.7,1,-3069.099999999999,676.1000000000001,-3745.199999999999
"2025-10-09","2025-10-09 14:47:18.700","2025-10-09 10:47:18.700","SHORT",25218,25208,25223,"LIMIT","2025-10-09 14:47:18.700",80,-3,3,"TARGET","2025-10-09 14:47:55.800",184.3,25330.5,25260.5,"BELOW_OR","NORMAL",53.60000000000002,1,-2884.799999999999,676.1000000000001,-3560.8999999999987
"2025-10-09","2025-10-09 14:48:56.500","2025-10-09 10:48:56.500","LONG",25214.25,25224.25,25209.25,"LIMIT","2025-10-09 14:48:56.500",92,39,3,"TARGET","2025-10-09 14:49:26.400",184.3,25330.5,25260.5,"BELOW_OR","NORMAL",237.90000000000003,1,-2700.4999999999986,676.1000000000001,-3376.5999999999985
"2025-10-09","2025-10-09 14:52:40.000","2025-10-09 10:52:40.000","SHORT",25242.25,25232.25,25247.25,"LIMIT","2025-10-09 14:52:40.000",87,2,3,"STOP","2025-10-09 14:57:01.000",-115.7,25330.5,25260.5,"BELOW_OR","NORMAL",122.20000000000003,2,-2816.1999999999985,676.1000000000001,-3492.2999999999984
"2025-10-09","2025-10-09 17:47:42.700","2025-10-09 13:47:42.700","LONG",25204,25214,25199,"LIMIT","2025-10-09 17:47:42.700",112,20,4,"TARGET","2025-10-09 17:50:31.000",179.3,25330.5,25260.5,"BELOW_OR","NORMAL",301.50000000000006,2,-2636.8999999999983,676.1000000000001,-3312.999999999998
"2025-10-09","2025-10-09 17:51:00.100","2025-10-09 13:51:00.100","LONG",25216.75,25226.75,25211.75,"LIMIT","2025-10-09 17:51:00.100",137,27,4,"STOP","2025-10-09 17:51:37.400",-120.7,25330.5,25260.5,"BELOW_OR","NORMAL",180.80000000000007,3,-2757.599999999998,676.1000000000001,-3433.699999999998
"2025-10-09","2025-10-09 17:53:21.400","2025-10-09 13:53:21.400","LONG",25203.75,25213.75,25198.75,"LIMIT","2025-10-09 17:53:21.400",77,11,3,"TARGET","2025-10-09 17:59:18.900",184.3,25330.5,25260.5,"BELOW_OR","NORMAL",365.1000000000001,3,-2573.299999999998,676.1000000000001,-3249.399999999998
"2025-10-09","2025-10-09 18:48:33.000","2025-10-09 14:48:33.000","LONG",25225.5,25235.5,25220.5,"LIMIT","2025-10-09 18:48:33.000",72,5,3,"STOP","2025-10-09 18:49:37.700",-115.7,25330.5,25260.5,"BELOW_OR","NORMAL",249.4000000000001,4,-2688.9999999999977,676.1000000000001,-3365.0999999999976
"2025-10-09","2025-10-09 18:52:07.400","2025-10-09 14:52:07.400","LONG",25217,25227,25212,"LIMIT","2025-10-09 18:52:07.400",146,-3,4,"TARGET","2025-10-09 18:52:44.300",179.3,25330.5,25260.5,"BELOW_OR","NORMAL",428.7000000000001,4,-2509.6999999999975,676.1000000000001,-3185.7999999999975
"2025-10-09","2025-10-09 18:54:44.700","2025-10-09 14:54:44.700","LONG",25222,25232,25217,"LIMIT","2025-10-09 18:54:44.700",72,7,3,"TARGET","2025-10-09 18:55:01.400",184.3,25330.5,25260.5,"BELOW_OR","NORMAL",613.0000000000001,4,-2325.3999999999974,676.1000000000001,-3001.4999999999973
"2025-10-09","2025-10-09 18:55:39.700","2025-10-09 14:55:39.700","LONG",25223.75,25233.75,25218.75,"LIMIT","2025-10-09 18:55:39.700",68,5,3,"TARGET","2025-10-09 18:56:26.800",184.3,25330.5,25260.5,"BELOW_OR","NORMAL",797.3000000000002,4,-2141.099999999997,676.1000000000001,-2817.199999999997
"2025-10-09","2025-10-09 18:57:57.300","2025-10-09 14:57:57.300","LONG",25241.5,25251.5,25236.5,"LIMIT","2025-10-09 18:57:57.300",77,4,3,"STOP","2025-10-09 18:58:31.300",-115.7,25330.5,25260.5,"BELOW_OR","NORMAL",681.6000000000001,5,-2256.799999999997,676.1000000000001,-2932.899999999997
"2025-10-10","2025-10-10 13:47:08.400","2025-10-10 09:47:08.400","SHORT",25382.25,25372.25,25387.25,"LIMIT","2025-10-10 13:47:08.400",109,1,4,"TARGET","2025-10-10 13:48:32.800",179.3,25620,25297.5,"INSIDE_OR","POST_OPEN",179.3,0,-2077.499999999997,676.1000000000001,-2753.5999999999967
"2025-10-10","2025-10-10 13:54:33.700","2025-10-10 09:54:33.700","SHORT",25339.75,25329.75,25344.75,"LIMIT","2025-10-10 13:54:33.700",147,-1,4,"TARGET","2025-10-10 13:55:37.700",179.3,25620,25297.5,"INSIDE_OR","POST_OPEN",358.6,0,-1898.1999999999969,676.1000000000001,-2574.299999999997
"2025-10-10","2025-10-10 13:56:10.600","2025-10-10 09:56:10.600","SHORT",25342.75,25332.75,25347.75,"LIMIT","2025-10-10 13:56:10.600",196,-19,4,"STOP","2025-10-10 13:56:59.100",-120.7,25620,25297.5,"INSIDE_OR","POST_OPEN",237.90000000000003,1,-2018.899999999997,676.1000000000001,-2694.9999999999973
"2025-10-10","2025-10-10 13:58:41.600","2025-10-10 09:58:41.600","SHORT",25358,25348,25363,"LIMIT","2025-10-10 13:58:41.600",94,-1,3,"STOP","2025-10-10 13:59:25.400",-115.7,25620,25297.5,"INSIDE_OR","POST_OPEN",122.20000000000003,2,-2134.5999999999967,676.1000000000001,-2810.699999999997
"2025-10-10","2025-10-10 14:48:46.600","2025-10-10 10:48:46.600","SHORT",25354.5,25344.5,25359.5,"LIMIT","2025-10-10 14:48:46.600",86,-14,3,"TARGET","2025-10-10 14:50:20.600",184.3,25620,25297.5,"INSIDE_OR","NORMAL",306.50000000000006,2,-1950.2999999999968,676.1000000000001,-2626.399999999997
"2025-10-10","2025-10-10 14:50:47.000","2025-10-10 10:50:47.000","LONG",25345.25,25355.25,25340.25,"LIMIT","2025-10-10 14:50:47.000",135,0,4,"STOP","2025-10-10 14:52:37.200",-120.7,25620,25297.5,"INSIDE_OR","NORMAL",185.80000000000007,3,-2070.999999999997,676.1000000000001,-2747.0999999999967
"2025-10-10","2025-10-10 14:57:09.700","2025-10-10 10:57:09.700","LONG",25340.5,25350.5,25335.5,"LIMIT","2025-10-10 14:57:09.700",187,1,4,"STOP","2025-10-10 15:04:14.300",-120.7,25620,25297.5,"INSIDE_OR","NORMAL",65.10000000000007,4,-2191.6999999999966,676.1000000000001,-2867.7999999999965
"2025-10-10","2025-10-10 18:54:32.300","2025-10-10 14:54:32.300","SHORT",24574,24564,24579,"LIMIT","2025-10-10 18:54:32.300",84,1,3,"STOP","2025-10-10 18:54:45.500",-115.7,25620,25297.5,"BELOW_OR","NORMAL",-50.59999999999994,5,-2307.3999999999965,676.1000000000001,-2983.4999999999964
"2025-10-10","2025-10-10 18:54:49.300","2025-10-10 14:54:49.300","LONG",24580,24590,24575,"LIMIT","2025-10-10 18:54:49.300",58,0,3,"STOP","2025-10-10 18:55:03.900",-115.7,25620,25297.5,"BELOW_OR","NORMAL",-166.29999999999995,6,-2423.0999999999963,676.1000000000001,-3099.199999999996
"2025-10-10","2025-10-10 18:59:33.000","2025-10-10 14:59:33.000","SHORT",24589.5,24579.5,24594.5,"LIMIT","2025-10-10 18:59:33.000",67,-19,3,"STOP","2025-10-10 19:00:07.500",-115.7,25620,25297.5,"BELOW_OR","NORMAL",-281.99999999999994,7,-2538.799999999996,676.1000000000001,-3214.899999999996
"2025-10-13","2025-10-13 17:53:54.300","2025-10-13 13:53:54.300","SHORT",24909.5,24899.5,24914.5,"LIMIT","2025-10-13 17:53:54.300",121,-5,4,"STOP","2025-10-13 17:54:48.100",-120.7,24838.5,24741.5,"ABOVE_OR","NORMAL",-120.7,1,-2659.499999999996,676.1000000000001,-3335.599999999996
"2025-10-13","2025-10-13 17:55:18.400","2025-10-13 13:55:18.400","SHORT",24910.5,24900.5,24915.5,"LIMIT","2025-10-13 17:55:18.400",79,-37,3,"TARGET","2025-10-13 17:55:38.800",184.3,24838.5,24741.5,"ABOVE_OR","NORMAL",63.60000000000001,1,-2475.1999999999957,676.1000000000001,-3151.2999999999956
"2025-10-14","2025-10-14 14:45:19.400","2025-10-14 10:45:19.400","LONG",24731.75,24741.75,24726.75,"LIMIT","2025-10-14 14:45:19.400",194,8,4,"STOP","2025-10-14 14:45:30.200",-120.7,24609,24433.5,"ABOVE_OR","NORMAL",-120.7,1,-2595.8999999999955,676.1000000000001,-3271.9999999999955
"2025-10-14","2025-10-14 14:45:40.300","2025-10-14 10:45:40.300","LONG",24725.5,24735.5,24720.5,"LIMIT","2025-10-14 14:45:40.300",234,18,6,"TARGET","2025-10-14 14:46:15.300",169.3,24609,24433.5,"ABOVE_OR","NORMAL",48.60000000000001,1,-2426.5999999999954,676.1000000000001,-3102.6999999999953
"2025-10-14","2025-10-14 17:47:52.400","2025-10-14 13:47:52.400","SHORT",24920.75,24910.75,24925.75,"LIMIT","2025-10-14 17:47:52.400",167,-14,4,"STOP","2025-10-14 17:48:02.900",-120.7,24609,24433.5,"ABOVE_OR","NORMAL",-72.1,2,-2547.299999999995,676.1000000000001,-3223.399999999995
"2025-10-14","2025-10-14 17:48:16.400","2025-10-14 13:48:16.400","SHORT",24920.25,24910.25,24925.25,"LIMIT","2025-10-14 17:48:16.400",112,-13,4,"STOP","2025-10-14 17:50:30.900",-120.7,24609,24433.5,"ABOVE_OR","NORMAL",-192.8,3,-2667.999999999995,676.1000000000001,-3344.099999999995
"2025-10-14","2025-10-14 17:54:06.400","2025-10-14 13:54:06.400","SHORT",24903.75,24893.75,24908.75,"LIMIT","2025-10-14 17:54:06.400",79,-19,3,"STOP","2025-10-14 17:54:38.400",-115.7,24609,24433.5,"ABOVE_OR","NORMAL",-308.5,4,-2783.699999999995,676.1000000000001,-3459.7999999999947
"2025-10-14","2025-10-14 18:51:17.400","2025-10-14 14:51:17.400","SHORT",24914.5,24904.5,24919.5,"LIMIT","2025-10-14 18:51:17.400",149,-67,4,"STOP","2025-10-14 18:51:54.400",-120.7,24609,24433.5,"ABOVE_OR","NORMAL",-429.2,5,-2904.3999999999946,676.1000000000001,-3580.4999999999945
"2025-10-14","2025-10-14 18:56:01.300","2025-10-14 14:56:01.300","LONG",24906,24916,24901,"LIMIT","2025-10-14 18:56:01.300",136,1,4,"STOP","2025-10-14 18:56:09.800",-120.7,24609,24433.5,"ABOVE_OR","NORMAL",-549.9,6,-3025.0999999999945,676.1000000000001,-3701.1999999999944
"2025-10-14","2025-10-14 18:56:39.800","2025-10-14 14:56:39.800","SHORT",24893,24883,24898,"LIMIT","2025-10-14 18:56:39.800",169,-34,4,"STOP","2025-10-14 18:57:01.800",-120.7,24609,24433.5,"ABOVE_OR","NORMAL",-670.6,7,-3145.7999999999943,676.1000000000001,-3821.899999999994
"2025-10-14","2025-10-14 18:58:20.400","2025-10-14 14:58:20.400","LONG",24896.75,24906.75,24891.75,"LIMIT","2025-10-14 18:58:20.400",222,-8,6,"TARGET","2025-10-14 19:00:05.300",169.3,24609,24433.5,"ABOVE_OR","NORMAL",-501.3,7,-2976.499999999994,676.1000000000001,-3652.599999999994
"2025-10-15","2025-10-15 13:47:01.500","2025-10-15 09:47:01.500","SHORT",24950.5,24940.5,24955.5,"LIMIT","2025-10-15 13:47:01.500",83,-36,3,"STOP","2025-10-15 13:47:04.700",-115.7,24984.25,24934.25,"INSIDE_OR","POST_OPEN",-115.7,1,-3092.199999999994,676.1000000000001,-3768.299999999994
"2025-10-15","2025-10-15 13:53:55.800","2025-10-15 09:53:55.800","LONG",24981.25,24991.25,24976.25,"LIMIT","2025-10-15 13:53:55.800",63,11,3,"STOP","2025-10-15 13:54:48.000",-115.7,24984.25,24934.25,"INSIDE_OR","POST_OPEN",-231.4,2,-3207.8999999999937,676.1000000000001,-3883.9999999999936
"2025-10-15","2025-10-15 13:55:38.400","2025-10-15 09:55:38.400","SHORT",24991.75,24981.75,24996.75,"LIMIT","2025-10-15 13:55:38.400",137,-25,4,"STOP","2025-10-15 13:55:52.700",-120.7,24984.25,24934.25,"ABOVE_OR","POST_OPEN",-352.1,3,-3328.5999999999935,676.1000000000001,-4004.6999999999935
"2025-10-15","2025-10-15 14:52:58.400","2025-10-15 10:52:58.400","LONG",25085.75,25095.75,25080.75,"LIMIT","2025-10-15 14:52:58.400",136,-2,4,"TARGET","2025-10-15 14:57:51.900",179.3,24984.25,24934.25,"ABOVE_OR","NORMAL",-172.8,3,-3149.2999999999934,676.1000000000001,-3825.3999999999933
"2025-10-15","2025-10-15 17:46:16.400","2025-10-15 13:46:16.400","SHORT",24863.75,24853.75,24868.75,"LIMIT","2025-10-15 17:46:16.400",82,-36,3,"TARGET","2025-10-15 17:46:47.600",184.3,24984.25,24934.25,"BELOW_OR","NORMAL",11.5,3,-2964.999999999993,676.1000000000001,-3641.099999999993
"2025-10-15","2025-10-15 17:57:27.800","2025-10-15 13:57:27.800","LONG",24888.5,24898.5,24883.5,"LIMIT","2025-10-15 17:57:27.800",96,-6,3,"TARGET","2025-10-15 17:58:27.100",184.3,24984.25,24934.25,"BELOW_OR","NORMAL",195.8,3,-2780.699999999993,676.1000000000001,-3456.799999999993
"2025-10-15","2025-10-15 18:54:37.300","2025-10-15 14:54:37.300","LONG",24944.75,24954.75,24939.75,"LIMIT","2025-10-15 18:54:37.300",68,8,3,"STOP","2025-10-15 18:55:39.500",-115.7,24984.25,24934.25,"INSIDE_OR","NORMAL",80.10000000000001,4,-2896.399999999993,676.1000000000001,-3572.4999999999927
"2025-10-15","2025-10-15 18:56:02.800","2025-10-15 14:56:02.800","SHORT",24944.5,24934.5,24949.5,"LIMIT","2025-10-15 18:56:02.800",157,-7,4,"STOP","2025-10-15 18:56:34.300",-120.7,24984.25,24934.25,"INSIDE_OR","NORMAL",-40.599999999999994,5,-3017.0999999999926,676.1000000000001,-3693.1999999999925
"2025-10-15","2025-10-15 18:56:48.200","2025-10-15 14:56:48.200","LONG",24953.75,24963.75,24948.75,"LIMIT","2025-10-15 18:56:48.200",67,6,3,"STOP","2025-10-15 18:58:16.200",-115.7,24984.25,24934.25,"INSIDE_OR","NORMAL",-156.3,6,-3132.7999999999925,676.1000000000001,-3808.8999999999924
"2025-10-15","2025-10-15 18:59:20.300","2025-10-15 14:59:20.300","SHORT",24957.25,24947.25,24962.25,"LIMIT","2025-10-15 18:59:20.300",88,-7,3,"TARGET","2025-10-15 19:00:24.400",184.3,24984.25,24934.25,"INSIDE_OR","NORMAL",28,6,-2948.4999999999923,676.1000000000001,-3624.599999999992
"2025-10-16","2025-10-16 14:48:52.200","2025-10-16 10:48:52.200","SHORT",25144.25,25134.25,25149.25,"LIMIT","2025-10-16 14:48:52.200",83,-15,3,"TARGET","2025-10-16 14:49:11.300",184.3,25092.75,25042.25,"ABOVE_OR","NORMAL",184.3,0,-2764.199999999992,676.1000000000001,-3440.299999999992
"2025-10-16","2025-10-16 17:52:46.800","2025-10-16 13:52:46.800","SHORT",24848.75,24838.75,24853.75,"LIMIT","2025-10-16 17:52:46.800",88,3,3,"TARGET","2025-10-16 17:53:32.700",184.3,25092.75,25042.25,"BELOW_OR","NORMAL",368.6,0,-2579.899999999992,676.1000000000001,-3255.999999999992
"2025-10-16","2025-10-16 17:53:58.800","2025-10-16 13:53:58.800","SHORT",24832.25,24822.25,24837.25,"LIMIT","2025-10-16 17:53:58.800",141,-19,4,"STOP","2025-10-16 17:54:19.000",-120.7,25092.75,25042.25,"BELOW_OR","NORMAL",247.90000000000003,1,-2700.5999999999917,676.1000000000001,-3376.6999999999916
"2025-10-16","2025-10-16 17:56:21.300","2025-10-16 13:56:21.300","SHORT",24849,24839,24854,"LIMIT","2025-10-16 17:56:21.300",91,-21,3,"STOP","2025-10-16 17:56:40.700",-115.7,25092.75,25042.25,"BELOW_OR","NORMAL",132.20000000000005,2,-2816.2999999999915,676.1000000000001,-3492.3999999999915
"2025-10-16","2025-10-16 18:54:23.600","2025-10-16 14:54:23.600","SHORT",24782.75,24772.75,24787.75,"LIMIT","2025-10-16 18:54:23.600",119,2,4,"STOP","2025-10-16 18:54:44.200",-120.7,25092.75,25042.25,"BELOW_OR","NORMAL",11.500000000000043,3,-2936.9999999999914,676.1000000000001,-3613.0999999999913
"2025-10-17","2025-10-17 14:58:37.000","2025-10-17 10:58:37.000","LONG",24757.25,24767.25,24752.25,"LIMIT","2025-10-17 14:58:37.000",127,64,4,"TARGET","2025-10-17 14:58:53.600",179.3,24803,24685.5,"INSIDE_OR","NORMAL",179.3,0,-2757.699999999991,676.1000000000001,-3433.799999999991
"2025-10-17","2025-10-17 17:56:42.400","2025-10-17 13:56:42.400","LONG",24927.5,24937.5,24922.5,"LIMIT","2025-10-17 17:56:42.400",122,16,4,"TARGET","2025-10-17 17:57:14.600",179.3,24803,24685.5,"ABOVE_OR","NORMAL",358.6,0,-2578.399999999991,676.1000000000001,-3254.499999999991
"2025-10-17","2025-10-17 17:59:02.100","2025-10-17 13:59:02.100","SHORT",24931,24921,24936,"LIMIT","2025-10-17 17:59:02.100",281,-12,6,"STOP","2025-10-17 17:59:22.700",-130.7,24803,24685.5,"ABOVE_OR","NORMAL",227.90000000000003,1,-2709.099999999991,676.1000000000001,-3385.1999999999907
"2025-10-17","2025-10-17 18:45:03.300","2025-10-17 14:45:03.300","SHORT",24990.25,24980.25,24995.25,"LIMIT","2025-10-17 18:45:03.300",107,2,4,"STOP","2025-10-17 18:45:20.100",-120.7,24803,24685.5,"ABOVE_OR","NORMAL",107.20000000000003,2,-2829.7999999999906,676.1000000000001,-3505.8999999999905
"2025-10-17","2025-10-17 18:47:55.900","2025-10-17 14:47:55.900","SHORT",24985.25,24975.25,24990.25,"LIMIT","2025-10-17 18:47:55.900",122,-7,4,"STOP","2025-10-17 18:49:11.500",-120.7,24803,24685.5,"ABOVE_OR","NORMAL",-13.499999999999972,3,-2950.4999999999905,676.1000000000001,-3626.5999999999904
"2025-10-17","2025-10-17 18:50:10.300","2025-10-17 14:50:10.300","SHORT",24992,24982,24997,"LIMIT","2025-10-17 18:50:10.300",103,1,4,"STOP","2025-10-17 18:50:24.100",-120.7,24803,24685.5,"ABOVE_OR","NORMAL",-134.2,4,-3071.1999999999903,676.1000000000001,-3747.29999999999
"2025-10-17","2025-10-17 18:51:41.200","2025-10-17 14:51:41.200","SHORT",24991.75,24981.75,24996.75,"LIMIT","2025-10-17 18:51:41.200",110,-3,4,"TARGET","2025-10-17 18:52:13.200",179.3,24803,24685.5,"ABOVE_OR","NORMAL",45.10000000000002,4,-2891.89999999999,676.1000000000001,-3567.99999999999
"2025-10-17","2025-10-17 18:54:48.600","2025-10-17 14:54:48.600","SHORT",24990.25,24980.25,24995.25,"LIMIT","2025-10-17 18:54:48.600",133,-21,4,"STOP","2025-10-17 18:55:44.800",-120.7,24803,24685.5,"ABOVE_OR","NORMAL",-75.59999999999998,5,-3012.59999999999,676.1000000000001,-3688.69999999999
"2025-10-17","2025-10-17 18:57:13.800","2025-10-17 14:57:13.800","SHORT",24990.25,24980.25,24995.25,"LIMIT","2025-10-17 18:57:13.800",85,-16,3,"STOP","2025-10-17 18:57:24.200",-115.7,24803,24685.5,"ABOVE_OR","NORMAL",-191.29999999999998,6,-3128.2999999999897,676.1000000000001,-3804.3999999999896
"2025-10-17","2025-10-17 18:59:17.900","2025-10-17 14:59:17.900","SHORT",24996.25,24986.25,25001.25,"LIMIT","2025-10-17 18:59:17.900",151,-4,4,"STOP","2025-10-17 18:59:30.700",-120.7,24803,24685.5,"ABOVE_OR","NORMAL",-312,7,-3248.9999999999895,676.1000000000001,-3925.0999999999894
"2025-10-17","2025-10-17 18:59:36.500","2025-10-17 14:59:36.500","SHORT",24995.75,24985.75,25000.75,"LIMIT","2025-10-17 18:59:36.500",110,-4,4,"STOP","2025-10-17 19:00:07.400",-120.7,24803,24685.5,"ABOVE_OR","NORMAL",-432.7,8,-3369.6999999999894,676.1000000000001,-4045.7999999999893
"2025-10-20","2025-10-20 13:47:03.400","2025-10-20 09:47:03.400","SHORT",25206,25196,25211,"LIMIT","2025-10-20 13:47:03.400",135,-14,4,"STOP","2025-10-20 13:47:43.900",-120.7,25222.5,25171.25,"INSIDE_OR","POST_OPEN",-120.7,1,-3490.399999999989,676.1000000000001,-4166.499999999989
"2025-10-20","2025-10-20 13:53:12.400","2025-10-20 09:53:12.400","SHORT",25221.5,25211.5,25226.5,"LIMIT","2025-10-20 13:53:12.400",340,-31,6,"STOP","2025-10-20 13:53:29.400",-130.7,25222.5,25171.25,"INSIDE_OR","POST_OPEN",-251.39999999999998,2,-3621.099999999989,676.1000000000001,-4297.199999999989
"2025-10-20","2025-10-20 13:58:50.200","2025-10-20 09:58:50.200","SHORT",25219.25,25209.25,25224.25,"LIMIT","2025-10-20 13:58:50.200",179,-11,4,"STOP","2025-10-20 13:59:04.200",-120.7,25222.5,25171.25,"INSIDE_OR","POST_OPEN",-372.09999999999997,3,-3741.799999999989,676.1000000000001,-4417.899999999989
"2025-10-20","2025-10-20 14:47:32.100","2025-10-20 10:47:32.100","SHORT",25304.5,25294.5,25309.5,"LIMIT","2025-10-20 14:47:32.100",119,-4,4,"STOP","2025-10-20 14:49:38.400",-120.7,25222.5,25171.25,"ABOVE_OR","NORMAL",-492.79999999999995,4,-3862.4999999999886,676.1000000000001,-4538.5999999999885
"2025-10-20","2025-10-20 14:57:33.700","2025-10-20 10:57:33.700","SHORT",25315,25305,25320,"LIMIT","2025-10-20 14:57:33.700",126,-2,4,"TARGET","2025-10-20 15:00:41.900",179.3,25222.5,25171.25,"ABOVE_OR","NORMAL",-313.49999999999994,4,-3683.1999999999884,676.1000000000001,-4359.299999999988
"2025-10-20","2025-10-20 17:49:13.200","2025-10-20 13:49:13.200","LONG",25352,25362,25347,"LIMIT","2025-10-20 17:49:13.200",76,-1,3,"TARGET","2025-10-20 17:49:19.600",184.3,25222.5,25171.25,"ABOVE_OR","NORMAL",-129.19999999999993,4,-3498.8999999999883,676.1000000000001,-4174.999999999988
"2025-10-20","2025-10-20 17:49:31.400","2025-10-20 13:49:31.400","SHORT",25352.25,25342.25,25357.25,"MARKET","2025-10-20 17:49:31.400",582,10,8,"STOP","2025-10-20 17:50:19.800",-140.7,25222.5,25171.25,"ABOVE_OR","NORMAL",-269.8999999999999,5,-3639.599999999988,676.1000000000001,-4315.699999999988
"2025-10-20","2025-10-20 17:56:20.500","2025-10-20 13:56:20.500","SHORT",25336.75,25326.75,25341.75,"LIMIT","2025-10-20 17:56:20.500",196,-3,4,"STOP","2025-10-20 17:56:26.300",-120.7,25222.5,25171.25,"ABOVE_OR","NORMAL",-390.5999999999999,6,-3760.299999999988,676.1000000000001,-4436.399999999988
"2025-10-20","2025-10-20 17:58:28.100","2025-10-20 13:58:28.100","SHORT",25333.25,25323.25,25338.25,"LIMIT","2025-10-20 17:58:28.100",70,-4,3,"STOP","2025-10-20 17:58:41.700",-115.7,25222.5,25171.25,"ABOVE_OR","NORMAL",-506.2999999999999,7,-3875.9999999999877,676.1000000000001,-4552.099999999988
"2025-10-20","2025-10-20 17:59:49.900","2025-10-20 13:59:49.900","LONG",25336.25,25346.25,25331.25,"LIMIT","2025-10-20 17:59:49.900",106,-1,4,"TARGET","2025-10-20 18:00:12.000",179.3,25222.5,25171.25,"ABOVE_OR","NORMAL",-326.9999999999999,7,-3696.6999999999875,676.1000000000001,-4372.799999999987
"2025-10-20","2025-10-20 18:45:17.200","2025-10-20 14:45:17.200","LONG",25318.5,25328.5,25313.5,"LIMIT","2025-10-20 18:45:17.200",206,3,6,"STOP","2025-10-20 18:46:53.900",-130.7,25222.5,25171.25,"ABOVE_OR","NORMAL",-457.6999999999999,8,-3827.3999999999874,676.1000000000001,-4503.499999999987
"2025-10-20","2025-10-20 18:49:24.600","2025-10-20 14:49:24.600","LONG",25312.75,25322.75,25307.75,"LIMIT","2025-10-20 18:49:24.600",86,8,3,"TARGET","2025-10-20 18:50:56.600",184.3,25222.5,25171.25,"ABOVE_OR","NORMAL",-273.39999999999986,8,-3643.099999999987,676.1000000000001,-4319.199999999987
"2025-10-20","2025-10-20 18:52:00.300","2025-10-20 14:52:00.300","SHORT",25314,25304,25319,"LIMIT","2025-10-20 18:52:00.300",106,-5,4,"STOP","2025-10-20 18:52:32.300",-120.7,25222.5,25171.25,"ABOVE_OR","NORMAL",-394.09999999999985,9,-3763.799999999987,676.1000000000001,-4439.899999999987
"2025-10-20","2025-10-20 18:57:01.600","2025-10-20 14:57:01.600","LONG",25326.5,25336.5,25321.5,"LIMIT","2025-10-20 18:57:01.600",104,3,4,"TARGET","2025-10-20 18:57:23.500",179.3,25222.5,25171.25,"ABOVE_OR","NORMAL",-214.79999999999984,9,-3584.499999999987,676.1000000000001,-4260.599999999987
"2025-10-20","2025-10-20 18:58:59.200","2025-10-20 14:58:59.200","SHORT",25332,25322,25337,"LIMIT","2025-10-20 18:58:59.200",77,-33,3,"STOP","2025-10-20 18:59:08.900",-115.7,25222.5,25171.25,"ABOVE_OR","NORMAL",-330.49999999999983,10,-3700.1999999999866,676.1000000000001,-4376.2999999999865
"2025-10-21","2025-10-21 13:53:11.700","2025-10-21 09:53:11.700","LONG",25266,25276,25261,"LIMIT","2025-10-21 13:53:11.700",84,54,3,"STOP","2025-10-21 13:53:57.400",-115.7,25303.5,25238.75,"INSIDE_OR","POST_OPEN",-115.7,1,-3815.8999999999864,676.1000000000001,-4491.999999999986
"2025-10-21","2025-10-21 13:58:00.500","2025-10-21 09:58:00.500","LONG",25223.25,25233.25,25218.25,"LIMIT","2025-10-21 13:58:00.500",186,24,4,"TARGET","2025-10-21 13:58:49.600",179.3,25303.5,25238.75,"BELOW_OR","POST_OPEN",63.60000000000001,1,-3636.5999999999863,676.1000000000001,-4312.699999999986
"2025-10-21","2025-10-21 13:59:45.600","2025-10-21 09:59:45.600","SHORT",25230.75,25220.75,25235.75,"LIMIT","2025-10-21 13:59:45.600",206,10,6,"STOP","2025-10-21 14:00:06.500",-130.7,25303.5,25238.75,"BELOW_OR","POST_OPEN",-67.09999999999998,2,-3767.299999999986,676.1000000000001,-4443.399999999986
"2025-10-21","2025-10-21 14:47:44.800","2025-10-21 10:47:44.800","SHORT",25246,25236,25251,"LIMIT","2025-10-21 14:47:44.800",83,-12,3,"STOP","2025-10-21 14:47:56.000",-115.7,25303.5,25238.75,"INSIDE_OR","NORMAL",-182.79999999999998,3,-3882.999999999986,676.1000000000001,-4559.099999999986
"2025-10-21","2025-10-21 14:49:49.800","2025-10-21 10:49:49.800","LONG",25258.5,25268.5,25253.5,"LIMIT","2025-10-21 14:49:49.800",127,12,4,"TARGET","2025-10-21 14:52:20.600",179.3,25303.5,25238.75,"INSIDE_OR","NORMAL",-3.4999999999999716,3,-3703.6999999999857,676.1000000000001,-4379.799999999986
"2025-10-21","2025-10-21 14:52:20.600","2025-10-21 10:52:20.600","LONG",25510,25520,25505,"LIMIT","2025-10-21 14:52:20.600",87,6,3,"STOP","2025-10-21 14:52:20.800",-115.7,25303.5,25238.75,"ABOVE_OR","NORMAL",-119.19999999999997,4,-3819.3999999999855,676.1000000000001,-4495.499999999985
"2025-10-21","2025-10-21 14:52:44.700","2025-10-21 10:52:44.700","LONG",25266.25,25276.25,25261.25,"LIMIT","2025-10-21 14:52:44.700",106,2,4,"TARGET","2025-10-21 14:53:25.900",179.3,25303.5,25238.75,"INSIDE_OR","NORMAL",60.10000000000004,4,-3640.0999999999854,676.1000000000001,-4316.199999999985
"2025-10-21","2025-10-21 14:54:23.100","2025-10-21 10:54:23.100","LONG",25277.5,25287.5,25272.5,"LIMIT","2025-10-21 14:54:23.100",101,1,4,"TARGET","2025-10-21 14:55:34.500",179.3,25303.5,25238.75,"INSIDE_OR","NORMAL",239.40000000000003,4,-3460.799999999985,676.1000000000001,-4136.899999999985
"2025-10-21","2025-10-21 14:55:50.900","2025-10-21 10:55:50.900","LONG",25291.25,25301.25,25286.25,"LIMIT","2025-10-21 14:55:50.900",99,22,3,"STOP","2025-10-21 14:56:21.700",-115.7,25303.5,25238.75,"INSIDE_OR","NORMAL",123.70000000000003,5,-3576.499999999985,676.1000000000001,-4252.599999999985
"2025-10-21","2025-10-21 14:59:11.700","2025-10-21 10:59:11.700","SHORT",25296,25286,25301,"LIMIT","2025-10-21 14:59:11.700",244,-12,6,"STOP","2025-10-21 15:00:14.000",-130.7,25303.5,25238.75,"INSIDE_OR","NORMAL",-6.999999999999957,6,-3707.199999999985,676.1000000000001,-4383.299999999985
"2025-10-21","2025-10-21 17:56:12.400","2025-10-21 13:56:12.400","SHORT",25312.25,25302.25,25317.25,"LIMIT","2025-10-21 17:56:12.400",62,-2,3,"STOP","2025-10-21 17:58:16.600",-115.7,25303.5,25238.75,"ABOVE_OR","NORMAL",-122.69999999999996,7,-3822.8999999999846,676.1000000000001,-4498.9999999999845
"2025-10-21","2025-10-21 18:51:20.800","2025-10-21 14:51:20.800","LONG",25315.25,25325.25,25310.25,"LIMIT","2025-10-21 18:51:20.800",125,2,4,"TARGET","2025-10-21 18:51:34.600",179.3,25303.5,25238.75,"ABOVE_OR","NORMAL",56.60000000000005,7,-3643.5999999999844,676.1000000000001,-4319.699999999984
"2025-10-22","2025-10-22 13:45:55.300","2025-10-22 09:45:55.300","SHORT",25259.5,25249.5,25264.5,"LIMIT","2025-10-22 13:45:55.300",87,-34,3,"TARGET","2025-10-22 13:46:34.400",184.3,25261,25176,"INSIDE_OR","POST_OPEN",184.3,0,-3459.2999999999843,676.1000000000001,-4135.399999999984
"2025-10-22","2025-10-22 13:53:38.700","2025-10-22 09:53:38.700","SHORT",25275.25,25265.25,25280.25,"LIMIT","2025-10-22 13:53:38.700",123,0,4,"STOP","2025-10-22 13:54:19.500",-120.7,25261,25176,"ABOVE_OR","POST_OPEN",63.60000000000001,1,-3579.999999999984,676.1000000000001,-4256.099999999984
"2025-10-22","2025-10-22 17:46:10.400","2025-10-22 13:46:10.400","SHORT",24838,24828,24843,"LIMIT","2025-10-22 17:46:10.400",83,-25,3,"STOP","2025-10-22 17:46:19.800",-115.7,25261,25176,"BELOW_OR","NORMAL",-52.099999999999994,2,-3695.699999999984,676.1000000000001,-4371.799999999984
"2025-10-22","2025-10-22 18:57:56.400","2025-10-22 14:57:56.400","LONG",24946.25,24956.25,24941.25,"LIMIT","2025-10-22 18:57:56.400",89,3,3,"TARGET","2025-10-22 18:59:37.200",184.3,25261,25176,"BELOW_OR","NORMAL",132.20000000000002,2,-3511.3999999999837,676.1000000000001,-4187.499999999984
