entry_time,exit_time,direction,entry_price,exit_price,pnl,bars_held,reason,exit_reason
2025-10-10 04:00:00,2025-10-10 04:00:01,short,25316.75,25318.0,-10.0,1,breakout_ask_wall@25322.25,stop_loss
2025-10-10 04:00:06,2025-10-10 04:00:15,short,25319.0,25320.25,-10.0,9,breakout_ask_wall@25322.25,stop_loss
2025-10-10 04:00:16,2025-10-10 04:00:59,short,25320.25,25317.75,20.0,39,breakout_ask_wall@25322.25,profit_target
2025-10-10 04:01:27,2025-10-10 04:01:31,short,25318.75,25320.0,-10.0,3,breakout_ask_wall@25330.00,stop_loss
2025-10-10 04:01:49,2025-10-10 04:02:04,short,25320.0,25317.5,20.0,11,breakout_ask_wall@25330.00,profit_target
2025-10-10 04:02:15,2025-10-10 04:02:16,short,25322.75,25320.25,20.0,1,breakout_ask_wall@25335.00,profit_target
2025-10-10 04:02:20,2025-10-10 04:04:07,short,25317.5,25318.75,-10.0,81,breakout_ask_wall@25330.00,stop_loss
2025-10-10 04:04:29,2025-10-10 04:04:36,long,25320.0,25318.75,-10.0,6,breakout_bid_wall@25315.00,stop_loss
2025-10-10 04:04:40,2025-10-10 04:04:41,long,25323.25,25322.0,-10.0,1,breakout_bid_wall@25315.00,stop_loss
2025-10-10 04:05:08,2025-10-10 04:05:48,short,25319.75,25317.25,20.0,30,breakout_ask_wall@25331.00,profit_target
2025-10-10 04:06:13,2025-10-10 04:06:36,short,25318.25,25319.5,-10.0,17,breakout_ask_wall@25329.00,stop_loss
2025-10-10 04:08:51,2025-10-10 04:09:47,short,25319.75,25317.25,20.0,42,breakout_ask_wall@25332.25,profit_target
2025-10-10 04:12:52,2025-10-10 04:12:57,short,25320.5,25321.75,-10.0,5,breakout_ask_wall@25333.00,stop_loss
2025-10-10 04:13:02,2025-10-10 04:13:09,long,25320.75,25319.5,-10.0,6,breakout_bid_wall@25318.00,stop_loss
2025-10-10 05:00:38,2025-10-10 05:01:17,long,25306.0,25304.75,-10.0,32,breakout_bid_wall@25300.00,stop_loss
2025-10-10 05:01:20,2025-10-10 05:02:01,long,25307.5,25306.25,-10.0,37,breakout_bid_wall@25300.00,stop_loss
2025-10-10 05:02:37,2025-10-10 05:03:17,long,25307.75,25306.5,-10.0,35,breakout_bid_wall@25301.75,stop_loss
2025-10-10 05:03:27,2025-10-10 05:03:36,short,25306.0,25303.5,20.0,7,breakout_ask_wall@25315.00,profit_target
2025-10-10 05:04:26,2025-10-10 05:04:47,long,25300.0,25298.75,-10.0,18,breakout_bid_wall@25300.00,stop_loss
2025-10-10 05:07:03,2025-10-10 05:07:12,long,25304.25,25303.0,-10.0,7,breakout_bid_wall@25300.00,stop_loss
2025-10-10 05:11:06,2025-10-10 05:11:31,long,25312.25,25311.0,-10.0,20,breakout_bid_wall@25300.00,stop_loss
2025-10-10 05:11:42,2025-10-10 05:11:59,short,25311.75,25309.25,20.0,15,breakout_ask_wall@25321.00,profit_target
2025-10-10 05:13:12,2025-10-10 05:13:14,long,25312.0,25310.75,-10.0,2,breakout_bid_wall@25300.00,stop_loss
2025-10-10 05:13:29,2025-10-10 05:14:36,long,25312.75,25315.25,20.0,49,breakout_bid_wall@25310.25,profit_target
2025-10-10 05:15:03,2025-10-10 05:15:24,long,25313.0,25315.5,20.0,19,breakout_bid_wall@25305.00,profit_target
2025-10-10 05:20:05,2025-10-10 05:20:06,long,25318.25,25317.0,-10.0,1,breakout_bid_wall@25306.00,stop_loss
2025-10-10 05:32:18,2025-10-10 05:32:19,short,25322.5,25323.75,-10.0,1,breakout_ask_wall@25335.00,stop_loss
2025-10-10 05:32:45,2025-10-10 05:33:26,short,25322.0,25323.25,-10.0,33,breakout_ask_wall@25324.50,stop_loss
2025-10-10 05:45:02,2025-10-10 05:45:12,short,25329.5,25330.75,-10.0,8,breakout_ask_wall@25340.00,stop_loss
2025-10-10 05:49:13,2025-10-10 05:49:43,short,25333.5,25331.0,20.0,23,breakout_ask_wall@25340.00,profit_target
2025-10-10 05:50:05,2025-10-10 05:50:58,short,25330.5,25331.75,-10.0,46,breakout_ask_wall@25325.00,stop_loss
2025-10-10 05:53:14,2025-10-10 05:55:16,short,25329.25,25330.5,-10.0,93,breakout_ask_wall@25325.00,stop_loss
2025-10-10 05:55:46,2025-10-10 05:56:18,short,25330.0,25327.5,20.0,23,breakout_ask_wall@25325.00,profit_target
2025-10-10 05:58:04,2025-10-10 05:59:41,short,25332.25,25333.5,-10.0,72,breakout_ask_wall@25325.00,stop_loss
2025-10-10 06:00:42,2025-10-10 06:00:57,short,25336.5,25337.75,-10.0,15,breakout_ask_wall@25340.00,stop_loss
2025-10-10 06:01:02,2025-10-10 06:01:04,short,25336.75,25338.0,-10.0,2,breakout_ask_wall@25340.00,stop_loss
2025-10-10 06:01:47,2025-10-10 06:02:07,short,25337.0,25334.5,20.0,20,breakout_ask_wall@25340.00,profit_target
2025-10-10 06:05:17,2025-10-10 06:05:22,short,25346.75,25348.0,-10.0,5,breakout_ask_wall@25350.00,stop_loss
2025-10-10 06:05:34,2025-10-10 06:05:37,short,25346.75,25348.0,-10.0,3,breakout_ask_wall@25350.00,stop_loss
2025-10-10 06:07:11,2025-10-10 06:07:14,short,25345.5,25346.75,-10.0,3,breakout_ask_wall@25350.00,stop_loss
2025-10-10 06:07:16,2025-10-10 06:07:19,short,25345.75,25343.25,20.0,3,breakout_ask_wall@25350.00,profit_target
2025-10-10 06:11:50,2025-10-10 06:12:18,short,25346.75,25348.0,-10.0,26,breakout_ask_wall@25350.00,stop_loss
2025-10-10 06:12:33,2025-10-10 06:13:16,short,25349.0,25346.5,20.0,38,breakout_ask_wall@25350.00,profit_target
2025-10-10 06:18:35,2025-10-10 06:18:42,short,25347.75,25345.25,20.0,7,breakout_ask_wall@25350.00,profit_target
2025-10-10 06:19:06,2025-10-10 06:20:30,short,25346.75,25344.25,20.0,74,breakout_ask_wall@25350.00,profit_target
2025-10-10 06:30:24,2025-10-10 06:30:57,short,25342.0,25343.25,-10.0,32,breakout_ask_wall@25350.00,stop_loss
2025-10-10 06:32:44,2025-10-10 06:32:57,short,25344.0,25341.5,20.0,12,breakout_ask_wall@25350.00,profit_target
2025-10-10 06:36:17,2025-10-10 06:36:24,short,25327.25,25324.75,20.0,7,breakout_ask_wall@25320.00,profit_target
2025-10-10 06:43:05,2025-10-10 06:43:25,short,25329.0,25326.5,20.0,20,breakout_ask_wall@25320.00,profit_target
2025-10-10 06:44:11,2025-10-10 06:44:54,short,25324.0,25321.5,20.0,43,breakout_ask_wall@25320.00,profit_target
2025-10-10 06:50:29,2025-10-10 06:50:41,short,25311.25,25308.75,20.0,12,breakout_ask_wall@25316.50,profit_target
2025-10-10 06:50:44,2025-10-10 06:50:54,short,25306.25,25303.75,20.0,10,breakout_ask_wall@25316.50,profit_target
2025-10-10 06:51:24,2025-10-10 06:51:33,long,25296.0,25298.5,20.0,9,breakout_bid_wall@25288.50,profit_target
2025-10-10 06:51:34,2025-10-10 06:51:37,short,25302.25,25303.5,-10.0,3,breakout_ask_wall@25300.00,stop_loss
2025-10-10 06:51:54,2025-10-10 06:52:00,short,25305.5,25306.75,-10.0,6,breakout_ask_wall@25300.00,stop_loss
2025-10-10 06:52:04,2025-10-10 06:52:08,short,25307.25,25308.5,-10.0,4,breakout_ask_wall@25300.00,stop_loss
2025-10-10 06:57:58,2025-10-10 06:58:01,short,25306.75,25308.0,-10.0,3,breakout_ask_wall@25300.00,stop_loss
2025-10-10 06:58:03,2025-10-10 06:58:34,short,25307.75,25305.25,20.0,31,breakout_ask_wall@25300.00,profit_target
2025-10-10 06:59:08,2025-10-10 06:59:13,short,25305.0,25302.5,20.0,5,breakout_ask_wall@25300.00,profit_target
2025-10-10 07:00:13,2025-10-10 07:00:15,short,25305.0,25306.25,-10.0,2,breakout_ask_wall@25316.50,stop_loss
2025-10-10 07:00:43,2025-10-10 07:00:51,short,25310.75,25312.0,-10.0,8,breakout_ask_wall@25316.50,stop_loss
2025-10-10 07:02:53,2025-10-10 07:03:24,short,25316.5,25314.0,20.0,31,breakout_ask_wall@25316.50,profit_target
2025-10-10 07:03:38,2025-10-10 07:03:43,short,25314.0,25315.25,-10.0,5,breakout_ask_wall@25316.50,stop_loss
2025-10-10 07:04:08,2025-10-10 07:04:12,short,25315.25,25316.5,-10.0,4,breakout_ask_wall@25316.50,stop_loss
2025-10-10 07:04:18,2025-10-10 07:04:35,short,25316.75,25318.0,-10.0,17,breakout_ask_wall@25316.50,stop_loss
2025-10-10 07:04:58,2025-10-10 07:05:06,long,25321.75,25320.5,-10.0,8,breakout_bid_wall@25310.75,stop_loss
2025-10-10 07:05:18,2025-10-10 07:05:23,long,25321.75,25320.5,-10.0,5,breakout_bid_wall@25310.00,stop_loss
2025-10-10 07:05:28,2025-10-10 07:05:32,long,25317.25,25316.0,-10.0,4,breakout_bid_wall@25306.00,stop_loss
2025-10-10 07:06:08,2025-10-10 07:06:18,long,25313.75,25316.25,20.0,10,breakout_bid_wall@25302.00,profit_target
2025-10-10 07:07:13,2025-10-10 07:07:17,long,25311.25,25313.75,20.0,4,breakout_bid_wall@25300.00,profit_target
2025-10-10 07:24:53,2025-10-10 07:25:13,long,25307.0,25305.75,-10.0,19,breakout_bid_wall@25303.00,stop_loss
2025-10-10 07:26:09,2025-10-10 07:26:15,short,25314.25,25315.5,-10.0,6,breakout_ask_wall@25325.00,stop_loss
2025-10-10 07:26:24,2025-10-10 07:26:37,short,25316.75,25318.0,-10.0,12,breakout_ask_wall@25325.00,stop_loss
2025-10-10 07:30:35,2025-10-10 07:30:50,short,25323.75,25325.0,-10.0,15,breakout_ask_wall@25330.00,stop_loss
2025-10-10 07:31:52,2025-10-10 07:31:57,short,25319.75,25321.0,-10.0,4,breakout_ask_wall@25330.00,stop_loss
2025-10-10 07:32:06,2025-10-10 07:32:27,short,25322.5,25320.0,20.0,21,breakout_ask_wall@25330.00,profit_target
2025-10-10 07:34:22,2025-10-10 07:34:26,short,25311.5,25309.0,20.0,4,breakout_ask_wall@25322.50,profit_target
2025-10-10 07:34:37,2025-10-10 07:34:44,long,25311.75,25310.5,-10.0,7,breakout_bid_wall@25317.75,stop_loss
2025-10-10 07:38:39,2025-10-10 07:38:57,long,25318.25,25317.0,-10.0,12,breakout_bid_wall@25315.00,stop_loss
2025-10-10 07:39:06,2025-10-10 07:39:23,short,25317.0,25318.25,-10.0,14,breakout_ask_wall@25325.00,stop_loss
2025-10-10 07:39:52,2025-10-10 07:40:18,long,25318.75,25321.25,20.0,24,breakout_bid_wall@25308.00,profit_target
2025-10-10 07:40:24,2025-10-10 07:40:56,short,25320.25,25321.5,-10.0,30,breakout_ask_wall@25330.00,stop_loss
2025-10-10 07:42:12,2025-10-10 07:42:31,long,25319.0,25317.75,-10.0,16,breakout_bid_wall@25310.00,stop_loss
2025-10-10 07:42:56,2025-10-10 07:43:00,long,25318.5,25317.25,-10.0,3,breakout_bid_wall@25307.25,stop_loss
2025-10-10 07:51:42,2025-10-10 07:51:44,short,25309.75,25311.0,-10.0,2,breakout_ask_wall@25321.50,stop_loss
2025-10-10 07:51:47,2025-10-10 07:52:14,short,25313.0,25314.25,-10.0,24,breakout_ask_wall@25325.00,stop_loss
2025-10-10 07:52:15,2025-10-10 07:52:23,short,25311.0,25308.5,20.0,8,breakout_ask_wall@25323.00,profit_target
2025-10-10 07:52:41,2025-10-10 07:52:51,long,25306.5,25305.25,-10.0,10,breakout_bid_wall@25308.00,stop_loss
2025-10-10 07:59:19,2025-10-10 07:59:20,short,25319.75,25317.25,20.0,1,breakout_ask_wall@25325.00,profit_target
2025-10-10 08:00:05,2025-10-10 08:00:07,short,25317.5,25318.75,-10.0,2,breakout_ask_wall@25325.00,stop_loss
2025-10-10 08:00:10,2025-10-10 08:00:16,short,25319.5,25317.0,20.0,6,breakout_ask_wall@25330.00,profit_target
2025-10-10 08:00:40,2025-10-10 08:00:47,long,25315.5,25314.25,-10.0,7,breakout_bid_wall@25313.25,stop_loss
2025-10-10 08:01:16,2025-10-10 08:01:21,long,25320.75,25323.25,20.0,5,breakout_bid_wall@25313.25,profit_target
2025-10-10 08:02:51,2025-10-10 08:03:04,short,25333.25,25330.75,20.0,13,breakout_ask_wall@25330.00,profit_target
2025-10-10 08:06:11,2025-10-10 08:06:13,short,25319.75,25321.0,-10.0,2,breakout_ask_wall@25330.00,stop_loss
2025-10-10 08:07:36,2025-10-10 08:08:24,short,25324.25,25325.5,-10.0,47,breakout_ask_wall@25330.00,stop_loss
2025-10-10 08:08:52,2025-10-10 08:08:55,short,25329.0,25330.25,-10.0,3,breakout_ask_wall@25330.00,stop_loss
2025-10-10 08:09:02,2025-10-10 08:09:25,short,25330.5,25328.0,20.0,23,breakout_ask_wall@25335.00,profit_target
2025-10-10 08:13:42,2025-10-10 08:14:02,short,25333.5,25331.0,20.0,18,breakout_ask_wall@25340.00,profit_target
2025-10-10 08:26:04,2025-10-10 08:26:39,long,25328.25,25330.75,20.0,35,breakout_bid_wall@25324.75,profit_target
2025-10-10 08:27:09,2025-10-10 08:27:32,short,25332.25,25329.75,20.0,17,breakout_ask_wall@25340.00,profit_target
2025-10-10 08:30:22,2025-10-10 08:30:52,short,25330.0,25331.25,-10.0,27,breakout_ask_wall@25340.00,stop_loss
2025-10-10 08:31:10,2025-10-10 08:31:39,long,25328.0,25326.75,-10.0,28,breakout_bid_wall@25318.50,stop_loss
2025-10-10 08:32:04,2025-10-10 08:32:09,long,25328.5,25331.0,20.0,4,breakout_bid_wall@25318.50,profit_target
2025-10-10 08:35:25,2025-10-10 08:35:53,short,25332.0,25333.25,-10.0,24,breakout_ask_wall@25330.00,stop_loss
2025-10-10 08:37:11,2025-10-10 08:37:19,long,25334.5,25333.25,-10.0,7,breakout_bid_wall@25322.00,stop_loss
2025-10-10 08:37:27,2025-10-10 08:37:46,short,25331.75,25333.0,-10.0,17,breakout_ask_wall@25330.00,stop_loss
2025-10-10 08:38:04,2025-10-10 08:38:23,short,25334.25,25335.5,-10.0,16,breakout_ask_wall@25330.00,stop_loss
2025-10-10 08:40:27,2025-10-10 08:41:11,short,25333.75,25335.0,-10.0,37,breakout_ask_wall@25330.00,stop_loss
2025-10-10 08:43:28,2025-10-10 08:44:47,short,25335.5,25333.0,20.0,70,breakout_ask_wall@25330.00,profit_target
2025-10-10 08:44:52,2025-10-10 08:45:04,short,25335.75,25337.0,-10.0,11,breakout_ask_wall@25330.00,stop_loss
2025-10-10 08:45:08,2025-10-10 08:45:56,short,25337.5,25338.75,-10.0,43,breakout_ask_wall@25350.00,stop_loss
2025-10-10 08:45:58,2025-10-10 08:46:21,short,25338.75,25340.0,-10.0,22,breakout_ask_wall@25350.00,stop_loss
2025-10-10 08:46:29,2025-10-10 08:46:37,short,25338.5,25339.75,-10.0,7,breakout_ask_wall@25350.00,stop_loss
2025-10-10 08:46:53,2025-10-10 08:47:12,short,25338.25,25339.5,-10.0,19,breakout_ask_wall@25350.00,stop_loss
2025-10-10 08:47:19,2025-10-10 08:47:27,short,25340.75,25338.25,20.0,8,breakout_ask_wall@25350.00,profit_target
2025-10-10 08:48:08,2025-10-10 08:48:30,short,25341.5,25339.0,20.0,19,breakout_ask_wall@25350.00,profit_target
2025-10-10 08:48:32,2025-10-10 08:49:01,short,25339.0,25336.5,20.0,26,breakout_ask_wall@25350.00,profit_target
2025-10-10 08:49:17,2025-10-10 08:49:37,short,25337.75,25339.0,-10.0,20,breakout_ask_wall@25350.00,stop_loss
2025-10-10 08:50:30,2025-10-10 08:55:02,short,25339.75,25337.25,20.0,237,breakout_ask_wall@25350.00,profit_target
2025-10-10 08:59:15,2025-10-10 08:59:22,short,25336.5,25334.0,20.0,6,breakout_ask_wall@25330.00,profit_target
2025-10-10 09:00:01,2025-10-10 09:00:04,short,25336.5,25337.75,-10.0,3,breakout_ask_wall@25330.00,stop_loss
2025-10-10 09:00:06,2025-10-10 09:00:27,short,25337.5,25338.75,-10.0,20,breakout_ask_wall@25350.00,stop_loss
2025-10-10 09:01:18,2025-10-10 09:01:23,short,25298.75,25300.0,-10.0,5,breakout_ask_wall@25310.00,stop_loss
2025-10-10 09:01:43,2025-10-10 09:01:45,short,25308.5,25309.75,-10.0,2,breakout_ask_wall@25315.00,stop_loss
2025-10-10 09:01:53,2025-10-10 09:01:56,long,25316.75,25315.5,-10.0,3,breakout_bid_wall@25309.00,stop_loss
2025-10-10 09:03:03,2025-10-10 09:03:08,long,25308.75,25311.25,20.0,5,breakout_bid_wall@25303.25,profit_target
2025-10-10 09:03:33,2025-10-10 09:03:42,short,25314.75,25316.0,-10.0,9,breakout_ask_wall@25320.00,stop_loss
2025-10-10 09:06:59,2025-10-10 09:07:03,long,25318.5,25317.25,-10.0,4,breakout_bid_wall@25306.50,stop_loss
2025-10-10 09:10:43,2025-10-10 09:11:10,long,25319.0,25317.75,-10.0,27,breakout_bid_wall@25306.50,stop_loss
2025-10-10 09:16:49,2025-10-10 09:16:57,long,25314.75,25313.5,-10.0,7,breakout_bid_wall@25308.00,stop_loss
2025-10-10 09:17:15,2025-10-10 09:17:16,short,25315.25,25316.5,-10.0,1,breakout_ask_wall@25315.00,stop_loss
2025-10-10 09:20:03,2025-10-10 09:20:12,long,25305.25,25304.0,-10.0,9,breakout_bid_wall@25303.50,stop_loss
2025-10-10 09:21:28,2025-10-10 09:21:31,short,25308.5,25309.75,-10.0,3,breakout_ask_wall@25314.00,stop_loss
2025-10-10 09:22:10,2025-10-10 09:22:32,long,25314.0,25316.5,20.0,21,breakout_bid_wall@25301.75,profit_target
2025-10-10 09:23:26,2025-10-10 09:23:34,short,25316.0,25317.25,-10.0,8,breakout_ask_wall@25311.00,stop_loss
2025-10-10 09:25:38,2025-10-10 09:25:55,short,25310.0,25307.5,20.0,17,breakout_ask_wall@25311.00,profit_target
2025-10-10 09:26:23,2025-10-10 09:26:30,short,25304.75,25306.0,-10.0,7,breakout_ask_wall@25311.00,stop_loss
2025-10-10 09:27:37,2025-10-10 09:28:28,long,25305.75,25304.5,-10.0,47,breakout_bid_wall@25294.50,stop_loss
2025-10-10 09:28:36,2025-10-10 09:29:08,long,25305.0,25307.5,20.0,32,breakout_bid_wall@25293.00,profit_target
2025-10-10 09:29:22,2025-10-10 09:29:57,short,25305.25,25302.75,20.0,33,breakout_ask_wall@25311.00,profit_target
2025-10-10 09:30:09,2025-10-10 09:30:31,long,25297.75,25296.5,-10.0,22,breakout_bid_wall@25289.00,stop_loss
2025-10-10 09:30:34,2025-10-10 09:30:37,short,25296.75,25294.25,20.0,3,breakout_ask_wall@25307.25,profit_target
2025-10-10 09:31:19,2025-10-10 09:31:37,long,25295.0,25297.5,20.0,17,breakout_bid_wall@25290.00,profit_target
2025-10-10 09:32:46,2025-10-10 09:33:02,long,25306.5,25305.25,-10.0,16,breakout_bid_wall@25300.00,stop_loss
2025-10-10 09:33:16,2025-10-10 09:33:18,long,25302.5,25305.0,20.0,2,breakout_bid_wall@25300.00,profit_target
2025-10-10 09:33:26,2025-10-10 09:33:33,long,25303.5,25306.0,20.0,7,breakout_bid_wall@25300.00,profit_target
2025-10-10 09:33:56,2025-10-10 09:34:21,long,25300.5,25299.25,-10.0,23,breakout_bid_wall@25300.00,stop_loss
2025-10-10 09:34:28,2025-10-10 09:34:30,long,25302.25,25301.0,-10.0,1,breakout_bid_wall@25300.00,stop_loss
2025-10-10 09:34:44,2025-10-10 09:34:47,long,25300.25,25299.0,-10.0,3,breakout_bid_wall@25300.00,stop_loss
2025-10-10 09:34:49,2025-10-10 09:35:35,long,25299.5,25302.0,20.0,46,breakout_bid_wall@25300.00,profit_target
2025-10-10 09:36:23,2025-10-10 09:36:30,long,25300.25,25299.0,-10.0,6,breakout_bid_wall@25295.00,stop_loss
2025-10-10 09:37:10,2025-10-10 09:37:19,long,25296.0,25294.75,-10.0,9,breakout_bid_wall@25295.00,stop_loss
2025-10-10 09:38:07,2025-10-10 09:38:26,long,25294.0,25292.75,-10.0,19,breakout_bid_wall@25295.00,stop_loss
2025-10-10 09:38:52,2025-10-10 09:38:56,long,25292.5,25291.25,-10.0,4,breakout_bid_wall@25295.00,stop_loss
2025-10-10 09:39:12,2025-10-10 09:39:17,long,25294.25,25293.0,-10.0,5,breakout_bid_wall@25295.00,stop_loss
2025-10-10 09:39:32,2025-10-10 09:40:11,long,25292.0,25294.5,20.0,39,breakout_bid_wall@25295.00,profit_target
2025-10-10 09:40:22,2025-10-10 09:40:25,long,25294.0,25292.75,-10.0,3,breakout_bid_wall@25295.00,stop_loss
2025-10-10 09:40:27,2025-10-10 09:40:29,long,25292.75,25291.5,-10.0,2,breakout_bid_wall@25295.00,stop_loss
2025-10-10 09:40:37,2025-10-10 09:40:45,long,25288.25,25287.0,-10.0,8,breakout_bid_wall@25295.00,stop_loss
2025-10-10 09:40:57,2025-10-10 09:41:29,long,25290.25,25289.0,-10.0,31,breakout_bid_wall@25295.00,stop_loss
2025-10-10 09:41:44,2025-10-10 09:41:57,long,25289.5,25288.25,-10.0,12,breakout_bid_wall@25295.00,stop_loss
2025-10-10 09:42:51,2025-10-10 09:43:07,long,25286.5,25289.0,20.0,16,breakout_bid_wall@25295.00,profit_target
2025-10-10 09:43:21,2025-10-10 09:43:28,long,25290.5,25289.25,-10.0,7,breakout_bid_wall@25295.00,stop_loss
2025-10-10 09:44:22,2025-10-10 09:44:38,long,25285.25,25287.75,20.0,16,breakout_bid_wall@25295.00,profit_target
2025-10-10 09:44:42,2025-10-10 09:44:52,long,25288.0,25286.75,-10.0,10,breakout_bid_wall@25295.00,stop_loss
2025-10-10 09:46:18,2025-10-10 09:46:19,long,25292.5,25291.25,-10.0,1,breakout_bid_wall@25295.00,stop_loss
2025-10-10 09:46:23,2025-10-10 09:46:26,long,25291.25,25290.0,-10.0,3,breakout_bid_wall@25295.00,stop_loss
2025-10-10 09:46:28,2025-10-10 09:46:51,long,25289.0,25287.75,-10.0,21,breakout_bid_wall@25295.00,stop_loss
2025-10-10 09:46:56,2025-10-10 09:47:23,long,25288.0,25290.5,20.0,26,breakout_bid_wall@25295.00,profit_target
2025-10-10 09:47:42,2025-10-10 09:47:45,long,25291.0,25289.75,-10.0,3,breakout_bid_wall@25295.00,stop_loss
2025-10-10 09:48:12,2025-10-10 09:48:16,long,25286.25,25285.0,-10.0,4,breakout_bid_wall@25295.00,stop_loss
2025-10-10 09:48:17,2025-10-10 09:48:21,long,25283.75,25282.5,-10.0,4,breakout_bid_wall@25295.00,stop_loss
2025-10-10 09:48:27,2025-10-10 09:48:30,long,25283.25,25282.0,-10.0,3,breakout_bid_wall@25295.00,stop_loss
2025-10-10 09:48:32,2025-10-10 09:48:52,long,25283.25,25282.0,-10.0,20,breakout_bid_wall@25295.00,stop_loss
2025-10-10 09:49:07,2025-10-10 09:49:23,long,25276.25,25275.0,-10.0,16,breakout_bid_wall@25270.00,stop_loss
2025-10-10 09:49:32,2025-10-10 09:49:37,long,25275.0,25273.75,-10.0,5,breakout_bid_wall@25270.00,stop_loss
2025-10-10 09:49:42,2025-10-10 09:49:49,long,25272.75,25271.5,-10.0,7,breakout_bid_wall@25270.00,stop_loss
2025-10-10 09:49:52,2025-10-10 09:50:12,long,25270.5,25273.0,20.0,20,breakout_bid_wall@25260.00,profit_target
2025-10-10 09:50:32,2025-10-10 09:50:36,long,25277.0,25275.75,-10.0,4,breakout_bid_wall@25270.00,stop_loss
2025-10-10 09:50:52,2025-10-10 09:50:53,long,25275.0,25273.75,-10.0,1,breakout_bid_wall@25270.00,stop_loss
2025-10-10 09:51:22,2025-10-10 09:51:33,long,25271.25,25270.0,-10.0,11,breakout_bid_wall@25260.00,stop_loss
2025-10-10 09:52:02,2025-10-10 09:52:13,long,25268.5,25271.0,20.0,11,breakout_bid_wall@25260.00,profit_target
2025-10-10 09:53:32,2025-10-10 09:53:44,long,25264.5,25263.25,-10.0,12,breakout_bid_wall@25260.00,stop_loss
2025-10-10 09:54:32,2025-10-10 09:54:35,long,25261.5,25260.25,-10.0,3,breakout_bid_wall@25250.00,stop_loss
2025-10-10 09:54:47,2025-10-10 09:55:14,long,25259.25,25261.75,20.0,27,breakout_bid_wall@25250.00,profit_target
2025-10-10 09:55:22,2025-10-10 09:55:42,long,25260.25,25262.75,20.0,20,breakout_bid_wall@25250.00,profit_target
2025-10-10 09:57:07,2025-10-10 09:57:52,long,25254.0,25252.75,-10.0,45,breakout_bid_wall@25250.00,stop_loss
2025-10-10 09:58:22,2025-10-10 09:58:25,long,25256.75,25255.5,-10.0,3,breakout_bid_wall@25250.00,stop_loss
2025-10-10 09:58:47,2025-10-10 09:58:52,long,25255.25,25257.75,20.0,5,breakout_bid_wall@25250.00,profit_target
2025-10-10 09:59:42,2025-10-10 10:00:01,long,25256.5,25255.25,-10.0,19,breakout_bid_wall@25250.00,stop_loss
2025-10-10 10:00:27,2025-10-10 10:00:39,long,25256.75,25259.25,20.0,12,breakout_bid_wall@25250.00,profit_target
2025-10-10 10:00:42,2025-10-10 10:00:49,long,25261.0,25259.75,-10.0,7,breakout_bid_wall@25250.00,stop_loss
2025-10-10 10:00:52,2025-10-10 10:01:41,long,25261.75,25264.25,20.0,48,breakout_bid_wall@25250.00,profit_target
2025-10-10 10:02:08,2025-10-10 10:02:40,long,25265.5,25268.0,20.0,32,breakout_bid_wall@25260.00,profit_target
2025-10-10 10:03:08,2025-10-10 10:03:11,long,25266.0,25264.75,-10.0,3,breakout_bid_wall@25260.00,stop_loss
2025-10-10 10:03:28,2025-10-10 10:04:21,long,25266.0,25264.75,-10.0,51,breakout_bid_wall@25260.00,stop_loss
2025-10-10 10:04:30,2025-10-10 10:04:44,long,25263.5,25266.0,20.0,14,breakout_bid_wall@25260.00,profit_target
2025-10-10 10:05:01,2025-10-10 10:05:07,long,25264.75,25267.25,20.0,6,breakout_bid_wall@25260.00,profit_target
2025-10-10 10:06:06,2025-10-10 10:06:11,long,25272.75,25271.5,-10.0,5,breakout_bid_wall@25275.00,stop_loss
2025-10-10 10:06:26,2025-10-10 10:06:37,long,25274.0,25272.75,-10.0,11,breakout_bid_wall@25275.00,stop_loss
2025-10-10 10:07:16,2025-10-10 10:07:26,long,25274.5,25273.25,-10.0,10,breakout_bid_wall@25275.00,stop_loss
2025-10-10 10:08:20,2025-10-10 10:08:49,long,25275.0,25277.5,20.0,29,breakout_bid_wall@25275.00,profit_target
2025-10-10 10:09:26,2025-10-10 10:09:47,long,25273.25,25275.75,20.0,20,breakout_bid_wall@25275.00,profit_target
2025-10-10 10:10:08,2025-10-10 10:10:22,long,25275.0,25277.5,20.0,14,breakout_bid_wall@25275.00,profit_target
2025-10-10 10:10:23,2025-10-10 10:11:54,long,25277.75,25280.25,20.0,89,breakout_bid_wall@25275.00,profit_target
2025-10-10 10:12:15,2025-10-10 10:12:36,long,25285.25,25287.75,20.0,21,breakout_bid_wall@25295.00,profit_target
2025-10-10 10:12:45,2025-10-10 10:13:29,long,25288.0,25286.75,-10.0,44,breakout_bid_wall@25300.00,stop_loss
2025-10-10 10:14:00,2025-10-10 10:14:42,long,25281.25,25283.75,20.0,40,breakout_bid_wall@25275.00,profit_target
2025-10-10 10:14:47,2025-10-10 10:15:17,long,25283.75,25282.5,-10.0,28,breakout_bid_wall@25295.00,stop_loss
2025-10-10 10:15:39,2025-10-10 10:16:16,long,25280.0,25278.75,-10.0,35,breakout_bid_wall@25275.00,stop_loss
2025-10-10 10:16:21,2025-10-10 10:16:35,long,25278.25,25280.75,20.0,13,breakout_bid_wall@25275.00,profit_target
2025-10-10 10:16:37,2025-10-10 10:17:00,long,25280.25,25282.75,20.0,22,breakout_bid_wall@25275.00,profit_target
2025-10-10 10:17:08,2025-10-10 10:17:13,long,25284.25,25283.0,-10.0,5,breakout_bid_wall@25295.00,stop_loss
2025-10-10 10:18:55,2025-10-10 10:19:15,long,25292.25,25291.0,-10.0,20,breakout_bid_wall@25300.00,stop_loss
2025-10-10 10:19:35,2025-10-10 10:19:54,long,25286.25,25288.75,20.0,19,breakout_bid_wall@25295.00,profit_target
2025-10-10 10:20:15,2025-10-10 10:20:28,long,25288.5,25291.0,20.0,13,breakout_bid_wall@25295.00,profit_target
2025-10-10 10:20:55,2025-10-10 10:21:29,long,25290.75,25289.5,-10.0,34,breakout_bid_wall@25295.00,stop_loss
2025-10-10 10:21:40,2025-10-10 10:21:48,long,25292.75,25291.5,-10.0,8,breakout_bid_wall@25295.00,stop_loss
2025-10-10 10:21:50,2025-10-10 10:22:05,long,25292.0,25290.75,-10.0,14,breakout_bid_wall@25295.00,stop_loss
2025-10-10 10:22:16,2025-10-10 10:22:28,long,25292.0,25290.75,-10.0,12,breakout_bid_wall@25295.00,stop_loss
2025-10-10 10:22:47,2025-10-10 10:23:01,long,25290.25,25289.0,-10.0,10,breakout_bid_wall@25295.00,stop_loss
2025-10-10 10:23:23,2025-10-10 10:23:26,long,25290.0,25288.75,-10.0,2,breakout_bid_wall@25295.00,stop_loss
2025-10-10 10:23:29,2025-10-10 10:23:49,long,25288.5,25287.25,-10.0,20,breakout_bid_wall@25295.00,stop_loss
2025-10-10 10:25:01,2025-10-10 10:25:16,long,25288.25,25287.0,-10.0,15,breakout_bid_wall@25295.00,stop_loss
2025-10-10 10:25:41,2025-10-10 10:25:54,long,25285.0,25283.75,-10.0,13,breakout_bid_wall@25295.00,stop_loss
2025-10-10 10:26:01,2025-10-10 10:26:12,long,25287.5,25286.25,-10.0,11,breakout_bid_wall@25295.00,stop_loss
2025-10-10 10:27:20,2025-10-10 10:27:33,long,25286.5,25285.25,-10.0,10,breakout_bid_wall@25295.00,stop_loss
2025-10-10 10:27:40,2025-10-10 10:27:47,long,25286.75,25285.5,-10.0,5,breakout_bid_wall@25295.00,stop_loss
2025-10-10 10:27:59,2025-10-10 10:28:01,long,25283.5,25282.25,-10.0,2,breakout_bid_wall@25295.00,stop_loss
2025-10-10 10:28:25,2025-10-10 10:28:39,long,25283.5,25282.25,-10.0,13,breakout_bid_wall@25295.00,stop_loss
2025-10-10 10:28:46,2025-10-10 10:29:21,long,25282.75,25281.5,-10.0,31,breakout_bid_wall@25295.00,stop_loss
2025-10-10 10:30:57,2025-10-10 10:30:58,long,25288.75,25287.5,-10.0,1,breakout_bid_wall@25300.00,stop_loss
2025-10-10 10:31:13,2025-10-10 10:31:24,long,25288.25,25287.0,-10.0,11,breakout_bid_wall@25300.00,stop_loss
2025-10-10 10:32:24,2025-10-10 10:32:46,long,25281.0,25279.75,-10.0,22,breakout_bid_wall@25275.00,stop_loss
2025-10-10 10:33:04,2025-10-10 10:33:17,long,25282.0,25284.5,20.0,10,breakout_bid_wall@25275.00,profit_target
2025-10-10 10:33:34,2025-10-10 10:33:41,long,25286.75,25285.5,-10.0,7,breakout_bid_wall@25295.00,stop_loss
2025-10-10 10:34:23,2025-10-10 10:34:29,long,25284.5,25283.25,-10.0,3,breakout_bid_wall@25295.00,stop_loss
2025-10-10 10:34:31,2025-10-10 10:34:50,long,25283.75,25282.5,-10.0,19,breakout_bid_wall@25295.00,stop_loss
2025-10-10 10:35:09,2025-10-10 10:35:10,long,25283.0,25281.75,-10.0,1,breakout_bid_wall@25295.00,stop_loss
2025-10-10 10:36:01,2025-10-10 10:36:50,long,25276.25,25275.0,-10.0,47,breakout_bid_wall@25275.00,stop_loss
2025-10-10 10:38:08,2025-10-10 10:38:31,long,25279.5,25278.25,-10.0,21,breakout_bid_wall@25275.00,stop_loss
2025-10-10 10:38:58,2025-10-10 10:40:26,long,25278.5,25281.0,20.0,75,breakout_bid_wall@25275.00,profit_target
2025-10-10 10:40:31,2025-10-10 10:40:54,long,25282.25,25281.0,-10.0,23,breakout_bid_wall@25275.00,stop_loss
2025-10-10 10:41:15,2025-10-10 10:41:18,long,25284.25,25283.0,-10.0,3,breakout_bid_wall@25295.00,stop_loss
2025-10-10 10:41:20,2025-10-10 10:41:43,long,25284.0,25282.75,-10.0,21,breakout_bid_wall@25295.00,stop_loss
2025-10-10 10:42:15,2025-10-10 10:42:27,long,25283.0,25285.5,20.0,12,breakout_bid_wall@25295.00,profit_target
2025-10-10 10:42:30,2025-10-10 10:42:47,long,25285.75,25288.25,20.0,17,breakout_bid_wall@25295.00,profit_target
2025-10-10 10:43:40,2025-10-10 10:44:00,long,25290.5,25293.0,20.0,20,breakout_bid_wall@25300.00,profit_target
2025-10-10 10:46:13,2025-10-10 10:46:15,long,25286.25,25285.0,-10.0,2,breakout_bid_wall@25295.00,stop_loss
2025-10-10 10:46:23,2025-10-10 10:47:20,long,25285.75,25284.5,-10.0,55,breakout_bid_wall@25295.00,stop_loss
2025-10-10 10:49:02,2025-10-10 10:49:10,long,25287.5,25286.25,-10.0,8,breakout_bid_wall@25295.00,stop_loss
2025-10-10 10:49:28,2025-10-10 10:49:59,long,25286.75,25285.5,-10.0,26,breakout_bid_wall@25295.00,stop_loss
2025-10-10 10:50:09,2025-10-10 10:50:19,long,25285.75,25284.5,-10.0,10,breakout_bid_wall@25295.00,stop_loss
2025-10-10 10:50:25,2025-10-10 10:50:40,long,25286.5,25289.0,20.0,13,breakout_bid_wall@25295.00,profit_target
2025-10-10 10:51:12,2025-10-10 10:51:32,long,25291.25,25293.75,20.0,20,breakout_bid_wall@25300.00,profit_target
2025-10-10 10:51:57,2025-10-10 10:52:41,long,25295.25,25294.0,-10.0,40,breakout_bid_wall@25300.00,stop_loss
2025-10-10 10:52:46,2025-10-10 10:52:59,long,25294.5,25293.25,-10.0,10,breakout_bid_wall@25295.00,stop_loss
2025-10-10 10:53:05,2025-10-10 10:53:18,long,25291.75,25290.5,-10.0,13,breakout_bid_wall@25295.00,stop_loss
2025-10-10 10:53:36,2025-10-10 10:54:36,long,25292.25,25291.0,-10.0,57,breakout_bid_wall@25295.00,stop_loss
2025-10-10 10:54:39,2025-10-10 10:54:42,long,25291.5,25290.25,-10.0,3,breakout_bid_wall@25295.00,stop_loss
2025-10-10 10:54:44,2025-10-10 10:55:25,long,25290.25,25292.75,20.0,33,breakout_bid_wall@25295.00,profit_target
2025-10-10 10:55:45,2025-10-10 10:56:18,long,25290.75,25293.25,20.0,28,breakout_bid_wall@25300.00,profit_target
2025-10-10 10:56:43,2025-10-10 10:56:52,long,25294.75,25293.5,-10.0,8,breakout_bid_wall@25295.00,stop_loss
2025-10-10 10:56:59,2025-10-10 10:57:09,long,25294.75,25293.5,-10.0,8,breakout_bid_wall@25300.00,stop_loss
2025-10-10 10:57:17,2025-10-10 10:57:30,long,25293.5,25296.0,20.0,12,breakout_bid_wall@25300.00,profit_target
2025-10-10 10:57:53,2025-10-10 10:58:27,long,25296.0,25294.75,-10.0,34,breakout_bid_wall@25300.00,stop_loss
2025-10-10 10:58:28,2025-10-10 10:58:33,short,25296.5,25297.75,-10.0,5,breakout_ask_wall@25289.50,stop_loss
2025-10-10 10:59:33,2025-10-10 11:00:34,short,25301.25,25302.5,-10.0,61,breakout_ask_wall@25289.50,stop_loss
2025-10-10 11:00:44,2025-10-10 11:01:22,short,25303.75,25305.0,-10.0,38,breakout_ask_wall@25297.00,stop_loss
2025-10-10 11:03:09,2025-10-10 11:03:17,short,25308.25,25309.5,-10.0,8,breakout_ask_wall@25298.00,stop_loss
2025-10-10 11:03:19,2025-10-10 11:03:45,short,25309.75,25311.0,-10.0,26,breakout_ask_wall@25298.00,stop_loss
2025-10-10 11:05:45,2025-10-10 11:06:18,short,25305.5,25303.0,20.0,32,breakout_ask_wall@25298.00,profit_target
2025-10-10 11:06:53,2025-10-10 11:07:16,short,25302.5,25300.0,20.0,21,breakout_ask_wall@25298.00,profit_target
2025-10-10 11:10:11,2025-10-10 11:10:24,short,25304.5,25305.75,-10.0,13,breakout_ask_wall@25298.00,stop_loss
2025-10-10 11:10:26,2025-10-10 11:10:31,short,25306.75,25308.0,-10.0,4,breakout_ask_wall@25298.00,stop_loss
2025-10-10 11:11:02,2025-10-10 11:11:27,short,25311.5,25312.75,-10.0,25,breakout_ask_wall@25300.00,stop_loss
2025-10-10 11:12:47,2025-10-10 11:13:41,short,25311.25,25308.75,20.0,49,breakout_ask_wall@25300.00,profit_target
2025-10-10 11:13:42,2025-10-10 11:13:45,short,25309.75,25311.0,-10.0,3,breakout_ask_wall@25298.00,stop_loss
2025-10-10 11:15:25,2025-10-10 11:16:08,short,25311.25,25312.5,-10.0,40,breakout_ask_wall@25320.00,stop_loss
2025-10-10 11:18:49,2025-10-10 11:19:18,short,25308.25,25305.75,20.0,23,breakout_ask_wall@25298.00,profit_target
2025-10-10 11:19:34,2025-10-10 11:19:41,short,25309.25,25310.5,-10.0,5,breakout_ask_wall@25298.00,stop_loss
2025-10-10 11:20:18,2025-10-10 11:21:05,short,25309.75,25307.25,20.0,37,breakout_ask_wall@25298.00,profit_target
2025-10-10 11:21:20,2025-10-10 11:21:36,short,25310.5,25308.0,20.0,12,breakout_ask_wall@25300.00,profit_target
2025-10-10 11:21:39,2025-10-10 11:22:11,short,25311.25,25312.5,-10.0,30,breakout_ask_wall@25300.00,stop_loss
2025-10-10 11:22:29,2025-10-10 11:22:30,short,25289.25,25290.5,-10.0,1,breakout_ask_wall@25300.00,stop_loss
2025-10-10 11:23:35,2025-10-10 11:24:48,short,25312.5,25310.0,20.0,64,breakout_ask_wall@25300.00,profit_target
2025-10-10 11:25:04,2025-10-10 11:26:19,short,25307.5,25308.75,-10.0,65,breakout_ask_wall@25320.00,stop_loss
2025-10-10 11:26:29,2025-10-10 11:26:46,short,25309.25,25310.5,-10.0,16,breakout_ask_wall@25320.00,stop_loss
2025-10-10 11:26:50,2025-10-10 11:26:56,short,25310.75,25308.25,20.0,5,breakout_ask_wall@25320.00,profit_target
2025-10-10 11:27:07,2025-10-10 11:27:33,short,25309.5,25310.75,-10.0,21,breakout_ask_wall@25320.00,stop_loss
2025-10-10 11:30:39,2025-10-10 11:30:45,short,25314.25,25315.5,-10.0,5,breakout_ask_wall@25320.00,stop_loss
2025-10-10 11:31:36,2025-10-10 11:31:54,short,25316.25,25313.75,20.0,17,breakout_ask_wall@25320.00,profit_target
2025-10-10 11:31:57,2025-10-10 11:32:05,short,25316.25,25317.5,-10.0,8,breakout_ask_wall@25320.00,stop_loss
2025-10-10 11:33:05,2025-10-10 11:33:34,short,25317.25,25318.5,-10.0,27,breakout_ask_wall@25320.00,stop_loss
2025-10-10 11:34:29,2025-10-10 11:35:23,short,25321.75,25319.25,20.0,49,breakout_ask_wall@25320.00,profit_target
2025-10-10 11:35:39,2025-10-10 11:35:45,short,25318.5,25319.75,-10.0,5,breakout_ask_wall@25320.00,stop_loss
2025-10-10 11:36:01,2025-10-10 11:37:24,short,25319.5,25317.0,20.0,74,breakout_ask_wall@25320.00,profit_target
2025-10-10 11:37:25,2025-10-10 11:37:48,short,25317.75,25319.0,-10.0,18,breakout_ask_wall@25320.00,stop_loss
2025-10-10 11:40:34,2025-10-10 11:40:58,short,25310.75,25312.0,-10.0,23,breakout_ask_wall@25300.00,stop_loss
2025-10-10 11:41:30,2025-10-10 11:41:42,short,25317.25,25314.75,20.0,12,breakout_ask_wall@25320.00,profit_target
2025-10-10 11:41:50,2025-10-10 11:42:10,short,25315.75,25313.25,20.0,19,breakout_ask_wall@25320.00,profit_target
2025-10-10 11:42:31,2025-10-10 11:42:35,short,25313.5,25314.75,-10.0,4,breakout_ask_wall@25320.00,stop_loss
2025-10-10 11:43:07,2025-10-10 11:43:19,short,25308.25,25309.5,-10.0,12,breakout_ask_wall@25300.00,stop_loss
2025-10-10 11:43:37,2025-10-10 11:43:49,short,25311.75,25313.0,-10.0,12,breakout_ask_wall@25300.00,stop_loss
2025-10-10 11:44:12,2025-10-10 11:44:46,short,25315.25,25312.75,20.0,32,breakout_ask_wall@25320.00,profit_target
2025-10-10 11:45:06,2025-10-10 11:45:19,short,25313.5,25311.0,20.0,13,breakout_ask_wall@25320.00,profit_target
2025-10-10 11:48:37,2025-10-10 11:48:51,short,25318.25,25315.75,20.0,13,breakout_ask_wall@25320.00,profit_target
2025-10-10 11:48:53,2025-10-10 11:48:57,short,25316.0,25317.25,-10.0,4,breakout_ask_wall@25320.00,stop_loss
2025-10-10 11:49:26,2025-10-10 11:49:50,short,25317.0,25318.25,-10.0,21,breakout_ask_wall@25320.00,stop_loss
2025-10-10 11:51:04,2025-10-10 11:51:37,short,25320.0,25321.25,-10.0,31,breakout_ask_wall@25320.00,stop_loss
2025-10-10 11:52:43,2025-10-10 11:52:57,short,25318.0,25319.25,-10.0,13,breakout_ask_wall@25320.00,stop_loss
2025-10-10 11:53:04,2025-10-10 11:53:21,short,25318.25,25315.75,20.0,16,breakout_ask_wall@25320.00,profit_target
2025-10-10 11:54:24,2025-10-10 11:55:06,short,25317.25,25314.75,20.0,34,breakout_ask_wall@25320.00,profit_target
2025-10-10 11:57:02,2025-10-10 11:57:25,short,25316.0,25317.25,-10.0,23,breakout_ask_wall@25320.00,stop_loss
2025-10-10 11:58:18,2025-10-10 11:58:28,short,25320.0,25321.25,-10.0,9,breakout_ask_wall@25320.00,stop_loss
2025-10-10 11:58:39,2025-10-10 11:58:52,short,25321.0,25322.25,-10.0,13,breakout_ask_wall@25320.00,stop_loss
2025-10-10 11:58:54,2025-10-10 11:58:55,short,25320.75,25322.0,-10.0,1,breakout_ask_wall@25320.00,stop_loss
2025-10-10 11:59:04,2025-10-10 11:59:16,short,25321.0,25318.5,20.0,12,breakout_ask_wall@25320.00,profit_target
2025-10-10 11:59:59,2025-10-10 12:00:09,short,25322.75,25324.0,-10.0,10,breakout_ask_wall@25320.00,stop_loss
2025-10-10 12:01:20,2025-10-10 12:01:27,short,25318.25,25319.5,-10.0,7,breakout_ask_wall@25320.00,stop_loss
2025-10-10 12:03:15,2025-10-10 12:03:22,short,25320.0,25321.25,-10.0,7,breakout_ask_wall@25320.00,stop_loss
2025-10-10 12:03:27,2025-10-10 12:03:33,short,25321.0,25318.5,20.0,6,breakout_ask_wall@25320.00,profit_target
2025-10-10 12:03:37,2025-10-10 12:03:44,short,25321.5,25322.75,-10.0,7,breakout_ask_wall@25320.00,stop_loss
2025-10-10 12:04:31,2025-10-10 12:04:32,short,25323.5,25321.0,20.0,1,breakout_ask_wall@25320.00,profit_target
2025-10-10 12:04:43,2025-10-10 12:04:47,short,25324.75,25322.25,20.0,4,breakout_ask_wall@25320.00,profit_target
2025-10-10 12:05:04,2025-10-10 12:05:25,short,25323.0,25324.25,-10.0,21,breakout_ask_wall@25320.00,stop_loss
2025-10-10 12:05:39,2025-10-10 12:06:05,short,25325.0,25322.5,20.0,23,breakout_ask_wall@25320.00,profit_target
2025-10-10 12:06:57,2025-10-10 12:07:24,short,25326.0,25327.25,-10.0,26,breakout_ask_wall@25320.00,stop_loss
2025-10-10 12:07:28,2025-10-10 12:07:34,short,25327.5,25328.75,-10.0,6,breakout_ask_wall@25320.00,stop_loss
2025-10-10 12:08:19,2025-10-10 12:08:41,short,25328.5,25326.0,20.0,22,breakout_ask_wall@25320.00,profit_target
2025-10-10 12:11:24,2025-10-10 12:11:33,short,25328.75,25326.25,20.0,9,breakout_ask_wall@25320.00,profit_target
2025-10-10 12:11:49,2025-10-10 12:11:56,short,25327.75,25329.0,-10.0,7,breakout_ask_wall@25320.00,stop_loss
2025-10-10 12:11:59,2025-10-10 12:12:11,short,25330.0,25331.25,-10.0,12,breakout_ask_wall@25320.00,stop_loss
2025-10-10 12:12:44,2025-10-10 12:13:06,short,25330.25,25327.75,20.0,20,breakout_ask_wall@25320.00,profit_target
2025-10-10 12:13:19,2025-10-10 12:13:20,short,25329.75,25327.25,20.0,1,breakout_ask_wall@25320.00,profit_target
2025-10-10 12:13:39,2025-10-10 12:13:42,short,25331.5,25332.75,-10.0,3,breakout_ask_wall@25320.00,stop_loss
2025-10-10 12:14:10,2025-10-10 12:14:25,short,25332.75,25334.0,-10.0,15,breakout_ask_wall@25340.00,stop_loss
2025-10-10 12:15:05,2025-10-10 12:15:07,short,25330.5,25328.0,20.0,2,breakout_ask_wall@25320.00,profit_target
2025-10-10 12:15:10,2025-10-10 12:15:12,short,25330.25,25331.5,-10.0,2,breakout_ask_wall@25320.00,stop_loss
2025-10-10 12:15:20,2025-10-10 12:15:42,short,25331.25,25328.75,20.0,22,breakout_ask_wall@25320.00,profit_target
2025-10-10 12:16:12,2025-10-10 12:17:28,short,25331.25,25328.75,20.0,72,breakout_ask_wall@25320.00,profit_target
2025-10-10 12:17:31,2025-10-10 12:17:46,short,25330.75,25332.0,-10.0,13,breakout_ask_wall@25320.00,stop_loss
2025-10-10 12:19:14,2025-10-10 12:19:15,short,25325.0,25326.25,-10.0,1,breakout_ask_wall@25320.00,stop_loss
2025-10-10 12:19:19,2025-10-10 12:19:38,short,25326.75,25328.0,-10.0,16,breakout_ask_wall@25320.00,stop_loss
2025-10-10 12:20:12,2025-10-10 12:21:08,short,25329.0,25330.25,-10.0,54,breakout_ask_wall@25320.00,stop_loss
2025-10-10 12:21:29,2025-10-10 12:22:29,short,25332.25,25329.75,20.0,55,breakout_ask_wall@25320.00,profit_target
2025-10-10 12:22:40,2025-10-10 12:22:59,short,25331.25,25328.75,20.0,16,breakout_ask_wall@25320.00,profit_target
2025-10-10 12:23:08,2025-10-10 12:23:22,short,25331.0,25328.5,20.0,14,breakout_ask_wall@25320.00,profit_target
2025-10-10 12:23:23,2025-10-10 12:23:27,short,25328.25,25329.5,-10.0,4,breakout_ask_wall@25320.00,stop_loss
2025-10-10 12:23:28,2025-10-10 12:23:53,short,25329.0,25326.5,20.0,20,breakout_ask_wall@25320.00,profit_target
2025-10-10 12:24:28,2025-10-10 12:25:08,short,25328.75,25326.25,20.0,40,breakout_ask_wall@25320.00,profit_target
2025-10-10 12:25:23,2025-10-10 12:25:30,short,25329.75,25327.25,20.0,6,breakout_ask_wall@25320.00,profit_target
2025-10-10 12:25:40,2025-10-10 12:25:48,short,25330.0,25327.5,20.0,8,breakout_ask_wall@25320.00,profit_target
2025-10-10 12:27:05,2025-10-10 12:27:09,short,25322.25,25323.5,-10.0,4,breakout_ask_wall@25320.00,stop_loss
2025-10-10 12:27:40,2025-10-10 12:28:28,short,25325.75,25323.25,20.0,45,breakout_ask_wall@25320.00,profit_target
2025-10-10 12:28:33,2025-10-10 12:28:42,short,25325.5,25323.0,20.0,9,breakout_ask_wall@25320.00,profit_target
2025-10-10 12:28:43,2025-10-10 12:28:48,short,25325.25,25326.5,-10.0,5,breakout_ask_wall@25320.00,stop_loss
2025-10-10 12:30:10,2025-10-10 12:30:19,short,25327.0,25328.25,-10.0,9,breakout_ask_wall@25320.00,stop_loss
2025-10-10 12:30:35,2025-10-10 12:30:48,short,25328.25,25329.5,-10.0,13,breakout_ask_wall@25320.00,stop_loss
2025-10-10 12:32:01,2025-10-10 12:32:12,short,25326.25,25323.75,20.0,11,breakout_ask_wall@25320.00,profit_target
2025-10-10 12:32:27,2025-10-10 12:32:32,short,25325.5,25326.75,-10.0,5,breakout_ask_wall@25320.00,stop_loss
2025-10-10 12:32:37,2025-10-10 12:32:44,short,25326.75,25328.0,-10.0,7,breakout_ask_wall@25320.00,stop_loss
2025-10-10 12:33:18,2025-10-10 12:33:36,short,25326.5,25327.75,-10.0,15,breakout_ask_wall@25320.00,stop_loss
2025-10-10 12:34:41,2025-10-10 12:34:59,short,25328.75,25326.25,20.0,18,breakout_ask_wall@25320.00,profit_target
2025-10-10 12:35:43,2025-10-10 12:36:15,short,25326.0,25323.5,20.0,28,breakout_ask_wall@25320.00,profit_target
2025-10-10 12:36:46,2025-10-10 12:37:11,short,25324.75,25322.25,20.0,24,breakout_ask_wall@25320.00,profit_target
2025-10-10 12:37:27,2025-10-10 12:37:28,short,25322.25,25323.5,-10.0,1,breakout_ask_wall@25320.00,stop_loss
2025-10-10 12:38:32,2025-10-10 12:38:37,short,25315.75,25313.25,20.0,5,breakout_ask_wall@25320.00,profit_target
2025-10-10 12:38:47,2025-10-10 12:38:48,short,25315.25,25312.75,20.0,1,breakout_ask_wall@25320.00,profit_target
2025-10-10 12:38:57,2025-10-10 12:39:07,short,25315.75,25317.0,-10.0,10,breakout_ask_wall@25320.00,stop_loss
2025-10-10 12:39:37,2025-10-10 12:40:12,short,25314.25,25311.75,20.0,35,breakout_ask_wall@25320.00,profit_target
2025-10-10 12:40:22,2025-10-10 12:40:23,short,25311.5,25312.75,-10.0,1,breakout_ask_wall@25300.00,stop_loss
2025-10-10 12:40:32,2025-10-10 12:40:33,short,25314.75,25316.0,-10.0,1,breakout_ask_wall@25320.00,stop_loss
2025-10-10 12:40:47,2025-10-10 12:40:58,short,25323.25,25320.75,20.0,11,breakout_ask_wall@25320.00,profit_target
2025-10-10 12:41:57,2025-10-10 12:42:01,short,25312.5,25310.0,20.0,4,breakout_ask_wall@25300.00,profit_target
2025-10-10 12:44:12,2025-10-10 12:44:14,short,25297.25,25298.5,-10.0,2,breakout_ask_wall@25300.00,stop_loss
2025-10-10 12:44:17,2025-10-10 12:44:24,short,25300.5,25298.0,20.0,7,breakout_ask_wall@25300.00,profit_target
2025-10-10 12:45:12,2025-10-10 12:45:30,short,25299.5,25297.0,20.0,18,breakout_ask_wall@25300.00,profit_target
2025-10-10 12:45:37,2025-10-10 12:45:45,short,25296.75,25294.25,20.0,8,breakout_ask_wall@25300.00,profit_target
2025-10-10 12:46:37,2025-10-10 12:47:19,short,25294.75,25296.0,-10.0,42,breakout_ask_wall@25300.00,stop_loss
2025-10-10 12:47:58,2025-10-10 12:48:13,short,25294.0,25295.25,-10.0,15,breakout_ask_wall@25300.00,stop_loss
2025-10-10 12:48:48,2025-10-10 12:49:04,short,25299.25,25300.5,-10.0,16,breakout_ask_wall@25300.00,stop_loss
2025-10-10 12:49:18,2025-10-10 12:49:24,short,25303.25,25304.5,-10.0,6,breakout_ask_wall@25300.00,stop_loss
2025-10-10 12:49:33,2025-10-10 12:49:56,short,25301.25,25298.75,20.0,23,breakout_ask_wall@25300.00,profit_target
2025-10-10 12:50:33,2025-10-10 12:50:47,short,25297.0,25298.25,-10.0,14,breakout_ask_wall@25300.00,stop_loss
2025-10-10 12:50:48,2025-10-10 12:50:51,short,25298.0,25299.25,-10.0,3,breakout_ask_wall@25300.00,stop_loss
2025-10-10 12:50:58,2025-10-10 12:51:07,short,25297.5,25298.75,-10.0,9,breakout_ask_wall@25300.00,stop_loss
2025-10-10 12:51:08,2025-10-10 12:51:27,short,25298.0,25299.25,-10.0,19,breakout_ask_wall@25300.00,stop_loss
2025-10-10 12:51:28,2025-10-10 12:52:08,short,25299.0,25300.25,-10.0,39,breakout_ask_wall@25300.00,stop_loss
2025-10-10 12:52:44,2025-10-10 12:53:02,short,25299.0,25300.25,-10.0,18,breakout_ask_wall@25300.00,stop_loss
2025-10-10 12:53:04,2025-10-10 12:53:12,short,25300.0,25301.25,-10.0,8,breakout_ask_wall@25300.00,stop_loss
2025-10-10 12:53:19,2025-10-10 12:53:32,short,25303.25,25300.75,20.0,13,breakout_ask_wall@25300.00,profit_target
2025-10-10 12:53:49,2025-10-10 12:53:52,short,25300.75,25298.25,20.0,3,breakout_ask_wall@25300.00,profit_target
2025-10-10 12:55:05,2025-10-10 12:55:46,short,25299.25,25296.75,20.0,41,breakout_ask_wall@25300.00,profit_target
2025-10-10 12:56:35,2025-10-10 12:56:50,short,25294.25,25291.75,20.0,15,breakout_ask_wall@25300.00,profit_target
2025-10-10 12:58:20,2025-10-10 12:58:33,short,25291.75,25293.0,-10.0,12,breakout_ask_wall@25300.00,stop_loss
2025-10-10 12:59:16,2025-10-10 12:59:36,short,25297.25,25294.75,20.0,20,breakout_ask_wall@25300.00,profit_target
2025-10-10 12:59:46,2025-10-10 12:59:56,short,25296.5,25297.75,-10.0,10,breakout_ask_wall@25300.00,stop_loss
2025-10-10 13:00:31,2025-10-10 13:00:37,short,25305.25,25302.75,20.0,6,breakout_ask_wall@25300.00,profit_target
2025-10-10 13:00:51,2025-10-10 13:00:56,short,25303.0,25304.25,-10.0,5,breakout_ask_wall@25300.00,stop_loss
2025-10-10 13:01:21,2025-10-10 13:01:34,short,25305.75,25307.0,-10.0,13,breakout_ask_wall@25300.00,stop_loss
2025-10-10 13:01:36,2025-10-10 13:01:37,short,25306.75,25308.0,-10.0,1,breakout_ask_wall@25300.00,stop_loss
2025-10-10 13:03:36,2025-10-10 13:04:11,short,25312.75,25310.25,20.0,35,breakout_ask_wall@25320.00,profit_target
2025-10-10 13:04:31,2025-10-10 13:04:35,short,25310.5,25308.0,20.0,4,breakout_ask_wall@25300.00,profit_target
2025-10-10 13:04:41,2025-10-10 13:04:55,short,25309.25,25310.5,-10.0,14,breakout_ask_wall@25300.00,stop_loss
2025-10-10 13:05:31,2025-10-10 13:05:47,short,25310.0,25307.5,20.0,16,breakout_ask_wall@25300.00,profit_target
2025-10-10 13:06:06,2025-10-10 13:07:12,short,25310.0,25311.25,-10.0,65,breakout_ask_wall@25300.00,stop_loss
2025-10-10 13:07:23,2025-10-10 13:07:58,short,25311.0,25308.5,20.0,35,breakout_ask_wall@25300.00,profit_target
2025-10-10 13:08:41,2025-10-10 13:08:54,short,25308.5,25309.75,-10.0,12,breakout_ask_wall@25300.00,stop_loss
2025-10-10 13:08:57,2025-10-10 13:09:53,short,25309.25,25310.5,-10.0,54,breakout_ask_wall@25300.00,stop_loss
2025-10-10 13:09:54,2025-10-10 13:10:11,short,25310.0,25307.5,20.0,17,breakout_ask_wall@25300.00,profit_target
2025-10-10 13:11:17,2025-10-10 13:11:26,short,25309.0,25310.25,-10.0,8,breakout_ask_wall@25300.00,stop_loss
2025-10-10 13:11:29,2025-10-10 13:11:33,short,25310.25,25307.75,20.0,4,breakout_ask_wall@25300.00,profit_target
2025-10-10 13:11:34,2025-10-10 13:11:36,short,25310.0,25307.5,20.0,2,breakout_ask_wall@25300.00,profit_target
2025-10-10 13:11:39,2025-10-10 13:11:44,short,25307.75,25309.0,-10.0,5,breakout_ask_wall@25300.00,stop_loss
2025-10-10 13:11:49,2025-10-10 13:12:06,short,25310.0,25311.25,-10.0,17,breakout_ask_wall@25300.00,stop_loss
2025-10-10 13:12:34,2025-10-10 13:13:28,short,25310.5,25308.0,20.0,53,breakout_ask_wall@25300.00,profit_target
2025-10-10 13:14:21,2025-10-10 13:16:21,short,25310.75,25312.0,-10.0,120,breakout_ask_wall@25300.00,stop_loss
2025-10-10 13:16:32,2025-10-10 13:16:46,short,25308.75,25306.25,20.0,14,breakout_ask_wall@25300.00,profit_target
2025-10-10 13:16:47,2025-10-10 13:16:58,short,25304.25,25305.5,-10.0,11,breakout_ask_wall@25300.00,stop_loss
2025-10-10 13:17:12,2025-10-10 13:17:25,short,25311.25,25308.75,20.0,13,breakout_ask_wall@25300.00,profit_target
2025-10-10 13:17:32,2025-10-10 13:18:00,short,25309.0,25306.5,20.0,28,breakout_ask_wall@25300.00,profit_target
2025-10-10 13:18:07,2025-10-10 13:18:41,short,25305.0,25306.25,-10.0,33,breakout_ask_wall@25300.00,stop_loss
2025-10-10 13:19:03,2025-10-10 13:19:41,short,25308.75,25306.25,20.0,37,breakout_ask_wall@25300.00,profit_target
2025-10-10 13:19:44,2025-10-10 13:20:00,short,25307.0,25304.5,20.0,16,breakout_ask_wall@25300.00,profit_target
2025-10-10 13:21:24,2025-10-10 13:21:37,short,25303.25,25304.5,-10.0,13,breakout_ask_wall@25300.00,stop_loss
2025-10-10 13:21:39,2025-10-10 13:22:03,short,25304.25,25301.75,20.0,24,breakout_ask_wall@25300.00,profit_target
2025-10-10 13:22:24,2025-10-10 13:22:28,short,25300.25,25301.5,-10.0,4,breakout_ask_wall@25300.00,stop_loss
2025-10-10 13:22:29,2025-10-10 13:23:03,short,25302.25,25299.75,20.0,33,breakout_ask_wall@25300.00,profit_target
2025-10-10 13:23:10,2025-10-10 13:23:43,short,25300.5,25298.0,20.0,33,breakout_ask_wall@25300.00,profit_target
2025-10-10 13:23:50,2025-10-10 13:24:27,short,25299.5,25297.0,20.0,37,breakout_ask_wall@25300.00,profit_target
2025-10-10 13:24:50,2025-10-10 13:24:59,short,25299.25,25300.5,-10.0,9,breakout_ask_wall@25300.00,stop_loss
2025-10-10 13:25:35,2025-10-10 13:25:47,short,25300.75,25298.25,20.0,12,breakout_ask_wall@25300.00,profit_target
2025-10-10 13:25:55,2025-10-10 13:25:59,short,25297.25,25298.5,-10.0,4,breakout_ask_wall@25300.00,stop_loss
2025-10-10 13:26:00,2025-10-10 13:26:04,short,25298.5,25299.75,-10.0,4,breakout_ask_wall@25300.00,stop_loss
2025-10-10 13:26:05,2025-10-10 13:26:21,short,25299.5,25300.75,-10.0,16,breakout_ask_wall@25300.00,stop_loss
2025-10-10 13:26:40,2025-10-10 13:27:00,short,25301.0,25302.25,-10.0,20,breakout_ask_wall@25300.00,stop_loss
2025-10-10 13:27:05,2025-10-10 13:27:36,short,25302.0,25299.5,20.0,31,breakout_ask_wall@25300.00,profit_target
2025-10-10 13:27:40,2025-10-10 13:27:50,short,25298.25,25299.5,-10.0,10,breakout_ask_wall@25300.00,stop_loss
2025-10-10 13:28:05,2025-10-10 13:28:16,short,25299.5,25300.75,-10.0,11,breakout_ask_wall@25300.00,stop_loss
2025-10-10 13:28:20,2025-10-10 13:28:26,short,25301.75,25303.0,-10.0,6,breakout_ask_wall@25300.00,stop_loss
2025-10-10 13:28:50,2025-10-10 13:28:59,short,25300.5,25301.75,-10.0,9,breakout_ask_wall@25300.00,stop_loss
2025-10-10 13:29:15,2025-10-10 13:29:20,short,25303.5,25304.75,-10.0,5,breakout_ask_wall@25300.00,stop_loss
2025-10-10 13:29:50,2025-10-10 13:29:51,short,25311.0,25312.25,-10.0,1,breakout_ask_wall@25300.00,stop_loss
2025-10-10 13:30:10,2025-10-10 13:30:11,short,25302.25,25299.75,20.0,1,breakout_ask_wall@25300.00,profit_target
2025-10-10 13:30:15,2025-10-10 13:30:17,short,25298.75,25296.25,20.0,2,breakout_ask_wall@25300.00,profit_target
2025-10-10 13:30:25,2025-10-10 13:30:30,short,25301.25,25302.5,-10.0,5,breakout_ask_wall@25300.00,stop_loss
2025-10-10 13:30:40,2025-10-10 13:30:41,short,25316.25,25313.75,20.0,1,breakout_ask_wall@25320.00,profit_target
2025-10-10 13:31:25,2025-10-10 13:31:33,short,25334.25,25335.5,-10.0,8,breakout_ask_wall@25343.00,stop_loss
2025-10-10 13:32:30,2025-10-10 13:32:40,short,25341.0,25338.5,20.0,10,breakout_ask_wall@25350.00,profit_target
2025-10-10 13:32:55,2025-10-10 13:32:56,short,25335.0,25336.25,-10.0,1,breakout_ask_wall@25343.00,stop_loss
2025-10-10 13:33:10,2025-10-10 13:33:12,short,25337.0,25334.5,20.0,2,breakout_ask_wall@25343.00,profit_target
2025-10-10 13:33:15,2025-10-10 13:33:24,short,25330.75,25328.25,20.0,9,breakout_ask_wall@25320.00,profit_target
2025-10-10 13:33:40,2025-10-10 13:33:44,short,25326.25,25327.5,-10.0,4,breakout_ask_wall@25320.00,stop_loss
2025-10-10 13:34:05,2025-10-10 13:34:07,short,25326.25,25327.5,-10.0,2,breakout_ask_wall@25320.00,stop_loss
2025-10-10 13:34:10,2025-10-10 13:34:16,short,25326.25,25327.5,-10.0,6,breakout_ask_wall@25320.00,stop_loss
2025-10-10 13:34:50,2025-10-10 13:34:52,short,25322.0,25323.25,-10.0,2,breakout_ask_wall@25320.00,stop_loss
2025-10-10 13:34:55,2025-10-10 13:34:57,short,25326.25,25327.5,-10.0,2,breakout_ask_wall@25320.00,stop_loss
2025-10-10 13:35:20,2025-10-10 13:35:22,short,25329.0,25330.25,-10.0,2,breakout_ask_wall@25320.00,stop_loss
2025-10-10 13:35:25,2025-10-10 13:35:27,short,25333.25,25334.5,-10.0,2,breakout_ask_wall@25343.00,stop_loss
2025-10-10 13:35:40,2025-10-10 13:35:49,short,25340.75,25338.25,20.0,9,breakout_ask_wall@25350.00,profit_target
2025-10-10 13:36:40,2025-10-10 13:36:41,short,25337.0,25338.25,-10.0,1,breakout_ask_wall@25343.00,stop_loss
2025-10-10 13:36:45,2025-10-10 13:36:51,short,25343.75,25345.0,-10.0,6,breakout_ask_wall@25350.00,stop_loss
2025-10-10 13:37:05,2025-10-10 13:37:07,short,25348.0,25345.5,20.0,2,breakout_ask_wall@25360.00,profit_target
2025-10-10 13:37:20,2025-10-10 13:37:25,short,25353.75,25351.25,20.0,5,breakout_ask_wall@25360.00,profit_target
2025-10-10 13:37:50,2025-10-10 13:37:51,short,25366.5,25367.75,-10.0,1,breakout_ask_wall@25375.00,stop_loss
2025-10-10 13:39:50,2025-10-10 13:39:51,short,25366.0,25367.25,-10.0,1,breakout_ask_wall@25375.00,stop_loss
2025-10-10 13:40:00,2025-10-10 13:40:05,short,25372.25,25369.75,20.0,5,breakout_ask_wall@25375.00,profit_target
2025-10-10 13:40:10,2025-10-10 13:40:15,short,25367.5,25365.0,20.0,5,breakout_ask_wall@25375.00,profit_target
2025-10-10 13:40:30,2025-10-10 13:40:33,short,25361.25,25358.75,20.0,3,breakout_ask_wall@25360.00,profit_target
2025-10-10 13:40:50,2025-10-10 13:40:51,short,25365.0,25366.25,-10.0,1,breakout_ask_wall@25375.00,stop_loss
2025-10-10 13:40:55,2025-10-10 13:41:03,short,25363.5,25364.75,-10.0,8,breakout_ask_wall@25375.00,stop_loss
2025-10-10 13:41:35,2025-10-10 13:41:41,short,25363.75,25361.25,20.0,6,breakout_ask_wall@25375.00,profit_target
2025-10-10 13:41:45,2025-10-10 13:41:46,short,25359.0,25360.25,-10.0,1,breakout_ask_wall@25360.00,stop_loss
2025-10-10 13:42:05,2025-10-10 13:42:09,short,25363.25,25364.5,-10.0,4,breakout_ask_wall@25375.00,stop_loss
2025-10-10 13:42:55,2025-10-10 13:43:03,short,25367.5,25365.0,20.0,8,breakout_ask_wall@25375.00,profit_target
2025-10-10 13:43:55,2025-10-10 13:43:58,short,25366.5,25367.75,-10.0,3,breakout_ask_wall@25375.00,stop_loss
2025-10-10 13:44:25,2025-10-10 13:44:26,short,25368.25,25369.5,-10.0,1,breakout_ask_wall@25375.00,stop_loss
2025-10-10 13:45:50,2025-10-10 13:45:55,short,25384.25,25385.5,-10.0,5,breakout_ask_wall@25375.00,stop_loss
2025-10-10 13:47:00,2025-10-10 13:47:02,short,25376.5,25377.75,-10.0,2,breakout_ask_wall@25375.00,stop_loss
2025-10-10 13:47:05,2025-10-10 13:47:06,short,25379.25,25380.5,-10.0,1,breakout_ask_wall@25375.00,stop_loss
2025-10-10 13:47:10,2025-10-10 13:47:20,short,25381.5,25382.75,-10.0,10,breakout_ask_wall@25375.00,stop_loss
2025-10-10 13:47:30,2025-10-10 13:47:38,short,25385.75,25383.25,20.0,8,breakout_ask_wall@25375.00,profit_target
2025-10-10 13:47:55,2025-10-10 13:48:00,short,25384.75,25386.0,-10.0,5,breakout_ask_wall@25375.00,stop_loss
2025-10-10 13:48:20,2025-10-10 13:48:23,short,25378.25,25379.5,-10.0,3,breakout_ask_wall@25375.00,stop_loss
2025-10-10 13:48:25,2025-10-10 13:48:29,short,25378.75,25376.25,20.0,4,breakout_ask_wall@25375.00,profit_target
2025-10-10 13:48:35,2025-10-10 13:48:38,short,25377.5,25378.75,-10.0,3,breakout_ask_wall@25375.00,stop_loss
2025-10-10 13:49:05,2025-10-10 13:49:10,short,25376.5,25374.0,20.0,5,breakout_ask_wall@25375.00,profit_target
2025-10-10 13:49:30,2025-10-10 13:49:37,short,25368.75,25366.25,20.0,7,breakout_ask_wall@25375.00,profit_target
2025-10-10 13:49:55,2025-10-10 13:50:01,short,25354.75,25352.25,20.0,6,breakout_ask_wall@25360.00,profit_target
2025-10-10 13:50:30,2025-10-10 13:50:34,short,25347.25,25344.75,20.0,4,breakout_ask_wall@25350.00,profit_target
2025-10-10 13:50:55,2025-10-10 13:50:57,short,25336.75,25338.0,-10.0,2,breakout_ask_wall@25340.00,stop_loss
2025-10-10 13:51:00,2025-10-10 13:51:03,short,25338.75,25340.0,-10.0,3,breakout_ask_wall@25350.00,stop_loss
2025-10-10 13:52:35,2025-10-10 13:52:39,short,25342.75,25344.0,-10.0,4,breakout_ask_wall@25350.00,stop_loss
2025-10-10 13:52:45,2025-10-10 13:52:51,short,25344.75,25346.0,-10.0,6,breakout_ask_wall@25350.00,stop_loss
2025-10-10 13:53:00,2025-10-10 13:53:02,short,25342.5,25343.75,-10.0,2,breakout_ask_wall@25350.00,stop_loss
2025-10-10 13:53:05,2025-10-10 13:53:08,short,25343.25,25344.5,-10.0,3,breakout_ask_wall@25350.00,stop_loss
2025-10-10 13:53:30,2025-10-10 13:53:33,short,25344.25,25341.75,20.0,3,breakout_ask_wall@25350.00,profit_target
2025-10-10 13:53:55,2025-10-10 13:54:05,short,25337.75,25335.25,20.0,10,breakout_ask_wall@25350.00,profit_target
2025-10-10 13:54:45,2025-10-10 13:54:54,short,25335.25,25332.75,20.0,9,breakout_ask_wall@25340.00,profit_target
2025-10-10 13:55:30,2025-10-10 13:55:31,short,25330.25,25331.5,-10.0,1,breakout_ask_wall@25320.00,stop_loss
2025-10-10 13:55:40,2025-10-10 13:55:47,short,25332.25,25329.75,20.0,7,breakout_ask_wall@25320.00,profit_target
2025-10-10 13:55:50,2025-10-10 13:55:55,short,25330.75,25332.0,-10.0,5,breakout_ask_wall@25320.00,stop_loss
2025-10-10 13:56:15,2025-10-10 13:56:20,short,25338.5,25339.75,-10.0,5,breakout_ask_wall@25350.00,stop_loss
2025-10-10 13:56:45,2025-10-10 13:56:46,short,25341.0,25342.25,-10.0,1,breakout_ask_wall@25350.00,stop_loss
2025-10-10 13:57:25,2025-10-10 13:57:27,short,25349.25,25350.5,-10.0,2,breakout_ask_wall@25360.00,stop_loss
2025-10-10 13:57:45,2025-10-10 13:57:48,short,25350.25,25347.75,20.0,3,breakout_ask_wall@25360.00,profit_target
2025-10-10 13:58:20,2025-10-10 13:58:21,short,25347.25,25348.5,-10.0,1,breakout_ask_wall@25350.00,stop_loss
2025-10-10 13:58:25,2025-10-10 13:58:29,short,25351.0,25352.25,-10.0,4,breakout_ask_wall@25360.00,stop_loss
2025-10-10 13:58:30,2025-10-10 13:58:33,short,25353.0,25354.25,-10.0,3,breakout_ask_wall@25360.00,stop_loss
2025-10-10 13:58:55,2025-10-10 13:58:57,short,25359.0,25360.25,-10.0,2,breakout_ask_wall@25360.00,stop_loss
2025-10-10 13:59:00,2025-10-10 13:59:03,short,25361.25,25362.5,-10.0,3,breakout_ask_wall@25360.00,stop_loss
2025-10-10 13:59:05,2025-10-10 13:59:09,short,25362.5,25360.0,20.0,4,breakout_ask_wall@25375.00,profit_target
2025-10-10 13:59:25,2025-10-10 13:59:32,short,25363.0,25364.25,-10.0,7,breakout_ask_wall@25375.00,stop_loss
2025-10-10 14:00:00,2025-10-10 14:00:04,short,25362.5,25363.75,-10.0,4,breakout_ask_wall@25375.00,stop_loss
2025-10-10 14:00:50,2025-10-10 14:01:00,short,25360.75,25358.25,20.0,10,breakout_ask_wall@25360.00,profit_target
2025-10-10 14:01:25,2025-10-10 14:01:26,short,25337.0,25334.5,20.0,1,breakout_ask_wall@25340.00,profit_target
2025-10-10 14:02:35,2025-10-10 14:02:38,short,25334.75,25336.0,-10.0,3,breakout_ask_wall@25340.00,stop_loss
2025-10-10 14:02:40,2025-10-10 14:02:46,short,25339.0,25340.25,-10.0,6,breakout_ask_wall@25350.00,stop_loss
2025-10-10 14:02:50,2025-10-10 14:02:52,short,25343.25,25340.75,20.0,2,breakout_ask_wall@25350.00,profit_target
2025-10-10 14:03:25,2025-10-10 14:03:31,short,25335.5,25333.0,20.0,6,breakout_ask_wall@25340.00,profit_target
2025-10-10 14:03:55,2025-10-10 14:03:56,short,25332.25,25333.5,-10.0,1,breakout_ask_wall@25320.00,stop_loss
2025-10-10 14:04:15,2025-10-10 14:04:19,short,25337.5,25338.75,-10.0,4,breakout_ask_wall@25350.00,stop_loss
2025-10-10 14:04:35,2025-10-10 14:04:37,short,25333.75,25335.0,-10.0,2,breakout_ask_wall@25340.00,stop_loss
2025-10-10 14:04:55,2025-10-10 14:04:58,short,25339.0,25336.5,20.0,3,breakout_ask_wall@25350.00,profit_target
2025-10-10 14:05:00,2025-10-10 14:05:02,short,25334.25,25331.75,20.0,2,breakout_ask_wall@25340.00,profit_target
2025-10-10 14:06:10,2025-10-10 14:06:11,short,25335.5,25336.75,-10.0,1,breakout_ask_wall@25340.00,stop_loss
2025-10-10 14:06:35,2025-10-10 14:06:36,short,25329.25,25330.5,-10.0,1,breakout_ask_wall@25320.00,stop_loss
2025-10-10 14:07:55,2025-10-10 14:07:56,short,25352.25,25353.5,-10.0,1,breakout_ask_wall@25360.00,stop_loss
2025-10-10 14:08:15,2025-10-10 14:08:19,short,25350.75,25348.25,20.0,4,breakout_ask_wall@25360.00,profit_target
2025-10-10 14:08:35,2025-10-10 14:08:36,short,25341.75,25343.0,-10.0,1,breakout_ask_wall@25350.00,stop_loss
2025-10-10 14:09:45,2025-10-10 14:09:47,short,25347.0,25348.25,-10.0,2,breakout_ask_wall@25350.00,stop_loss
2025-10-10 14:09:50,2025-10-10 14:09:59,short,25350.25,25347.75,20.0,9,breakout_ask_wall@25360.00,profit_target
2025-10-10 14:10:40,2025-10-10 14:10:46,short,25345.75,25347.0,-10.0,6,breakout_ask_wall@25350.00,stop_loss
2025-10-10 14:10:50,2025-10-10 14:10:57,short,25343.25,25340.75,20.0,7,breakout_ask_wall@25350.00,profit_target
2025-10-10 14:11:30,2025-10-10 14:11:34,short,25351.25,25348.75,20.0,4,breakout_ask_wall@25360.00,profit_target
2025-10-10 14:11:45,2025-10-10 14:11:47,short,25344.0,25345.25,-10.0,2,breakout_ask_wall@25350.00,stop_loss
2025-10-10 14:11:55,2025-10-10 14:11:56,short,25347.5,25348.75,-10.0,1,breakout_ask_wall@25360.00,stop_loss
2025-10-10 14:12:15,2025-10-10 14:12:21,short,25348.25,25349.5,-10.0,6,breakout_ask_wall@25360.00,stop_loss
2025-10-10 14:12:30,2025-10-10 14:12:37,short,25347.5,25348.75,-10.0,7,breakout_ask_wall@25360.00,stop_loss
2025-10-10 14:13:00,2025-10-10 14:13:06,short,25354.25,25351.75,20.0,6,breakout_ask_wall@25360.00,profit_target
2025-10-10 14:13:15,2025-10-10 14:13:17,short,25350.0,25347.5,20.0,2,breakout_ask_wall@25360.00,profit_target
2025-10-10 14:13:40,2025-10-10 14:13:42,short,25332.0,25333.25,-10.0,2,breakout_ask_wall@25320.00,stop_loss
2025-10-10 14:13:55,2025-10-10 14:13:57,short,25335.5,25333.0,20.0,2,breakout_ask_wall@25340.00,profit_target
2025-10-10 14:14:00,2025-10-10 14:14:01,short,25333.0,25334.25,-10.0,1,breakout_ask_wall@25340.00,stop_loss
2025-10-10 14:14:20,2025-10-10 14:14:26,short,25330.5,25328.0,20.0,6,breakout_ask_wall@25320.00,profit_target
2025-10-10 14:14:35,2025-10-10 14:14:36,short,25330.5,25331.75,-10.0,1,breakout_ask_wall@25320.00,stop_loss
2025-10-10 14:15:15,2025-10-10 14:15:25,short,25330.5,25331.75,-10.0,10,breakout_ask_wall@25320.00,stop_loss
2025-10-10 14:15:55,2025-10-10 14:15:56,short,25322.0,25323.25,-10.0,1,breakout_ask_wall@25320.00,stop_loss
2025-10-10 14:16:20,2025-10-10 14:16:25,short,25316.5,25314.0,20.0,5,breakout_ask_wall@25320.00,profit_target
2025-10-10 14:16:40,2025-10-10 14:16:43,short,25311.25,25312.5,-10.0,3,breakout_ask_wall@25300.00,stop_loss
2025-10-10 14:16:45,2025-10-10 14:16:46,short,25311.75,25313.0,-10.0,1,breakout_ask_wall@25300.00,stop_loss
2025-10-10 14:17:10,2025-10-10 14:17:11,short,25308.0,25309.25,-10.0,1,breakout_ask_wall@25300.00,stop_loss
2025-10-10 14:17:35,2025-10-10 14:17:37,short,25307.25,25308.5,-10.0,2,breakout_ask_wall@25300.00,stop_loss
2025-10-10 14:18:15,2025-10-10 14:18:24,short,25321.5,25319.0,20.0,9,breakout_ask_wall@25320.00,profit_target
2025-10-10 14:19:00,2025-10-10 14:19:03,short,25319.5,25320.75,-10.0,3,breakout_ask_wall@25320.00,stop_loss
2025-10-10 14:19:05,2025-10-10 14:19:16,short,25320.25,25321.5,-10.0,11,breakout_ask_wall@25320.00,stop_loss
2025-10-10 14:19:20,2025-10-10 14:19:32,short,25321.25,25318.75,20.0,12,breakout_ask_wall@25320.00,profit_target
2025-10-10 14:19:35,2025-10-10 14:19:37,short,25315.25,25316.5,-10.0,2,breakout_ask_wall@25320.00,stop_loss
2025-10-10 14:19:40,2025-10-10 14:19:43,short,25318.5,25319.75,-10.0,3,breakout_ask_wall@25320.00,stop_loss
2025-10-10 14:20:00,2025-10-10 14:20:04,short,25328.75,25326.25,20.0,4,breakout_ask_wall@25320.00,profit_target
2025-10-10 14:20:45,2025-10-10 14:20:46,short,25334.0,25335.25,-10.0,1,breakout_ask_wall@25340.00,stop_loss
2025-10-10 14:20:50,2025-10-10 14:20:51,short,25336.25,25333.75,20.0,1,breakout_ask_wall@25340.00,profit_target
2025-10-10 14:20:55,2025-10-10 14:21:04,short,25336.5,25334.0,20.0,9,breakout_ask_wall@25340.00,profit_target
2025-10-10 14:21:35,2025-10-10 14:21:39,short,25337.0,25338.25,-10.0,4,breakout_ask_wall@25340.00,stop_loss
2025-10-10 14:22:10,2025-10-10 14:22:12,short,25338.0,25335.5,20.0,2,breakout_ask_wall@25350.00,profit_target
2025-10-10 14:22:30,2025-10-10 14:22:31,short,25336.5,25337.75,-10.0,1,breakout_ask_wall@25340.00,stop_loss
2025-10-10 14:22:35,2025-10-10 14:22:39,short,25341.0,25338.5,20.0,4,breakout_ask_wall@25350.00,profit_target
2025-10-10 14:22:50,2025-10-10 14:22:54,short,25329.0,25330.25,-10.0,4,breakout_ask_wall@25320.00,stop_loss
2025-10-10 14:23:45,2025-10-10 14:23:50,short,25335.5,25336.75,-10.0,5,breakout_ask_wall@25340.00,stop_loss
2025-10-10 14:24:35,2025-10-10 14:24:40,short,25343.0,25340.5,20.0,5,breakout_ask_wall@25350.00,profit_target
2025-10-10 14:24:50,2025-10-10 14:24:54,short,25338.5,25339.75,-10.0,4,breakout_ask_wall@25350.00,stop_loss
2025-10-10 14:25:15,2025-10-10 14:25:22,short,25341.0,25342.25,-10.0,7,breakout_ask_wall@25350.00,stop_loss
2025-10-10 14:25:45,2025-10-10 14:25:49,short,25346.75,25348.0,-10.0,4,breakout_ask_wall@25350.00,stop_loss
2025-10-10 14:25:55,2025-10-10 14:26:00,short,25348.0,25345.5,20.0,5,breakout_ask_wall@25360.00,profit_target
2025-10-10 14:26:30,2025-10-10 14:26:31,short,25346.75,25348.0,-10.0,1,breakout_ask_wall@25350.00,stop_loss
2025-10-10 14:26:35,2025-10-10 14:27:01,short,25349.5,25350.75,-10.0,26,breakout_ask_wall@25360.00,stop_loss
2025-10-10 14:27:15,2025-10-10 14:27:30,short,25350.0,25347.5,20.0,15,breakout_ask_wall@25360.00,profit_target
2025-10-10 14:27:55,2025-10-10 14:27:58,short,25344.0,25341.5,20.0,3,breakout_ask_wall@25350.00,profit_target
2025-10-10 14:28:00,2025-10-10 14:28:12,short,25340.5,25341.75,-10.0,12,breakout_ask_wall@25350.00,stop_loss
2025-10-10 14:29:05,2025-10-10 14:29:09,short,25332.75,25334.0,-10.0,4,breakout_ask_wall@25340.00,stop_loss
2025-10-10 14:29:50,2025-10-10 14:29:54,short,25334.5,25335.75,-10.0,4,breakout_ask_wall@25340.00,stop_loss
2025-10-10 14:30:05,2025-10-10 14:30:06,short,25333.25,25334.5,-10.0,1,breakout_ask_wall@25340.00,stop_loss
2025-10-10 14:30:20,2025-10-10 14:30:21,short,25338.75,25340.0,-10.0,1,breakout_ask_wall@25350.00,stop_loss
2025-10-10 14:30:50,2025-10-10 14:30:53,short,25347.5,25345.0,20.0,3,breakout_ask_wall@25360.00,profit_target
2025-10-10 14:31:05,2025-10-10 14:31:08,short,25342.5,25340.0,20.0,3,breakout_ask_wall@25350.00,profit_target
2025-10-10 14:32:35,2025-10-10 14:32:37,short,25338.5,25339.75,-10.0,2,breakout_ask_wall@25350.00,stop_loss
2025-10-10 14:33:00,2025-10-10 14:33:04,short,25342.5,25340.0,20.0,4,breakout_ask_wall@25350.00,profit_target
2025-10-10 14:33:10,2025-10-10 14:33:16,short,25336.75,25338.0,-10.0,6,breakout_ask_wall@25340.00,stop_loss
2025-10-10 14:33:30,2025-10-10 14:33:33,short,25337.25,25334.75,20.0,3,breakout_ask_wall@25340.00,profit_target
2025-10-10 14:33:35,2025-10-10 14:33:58,short,25334.75,25336.0,-10.0,23,breakout_ask_wall@25340.00,stop_loss
2025-10-10 14:34:40,2025-10-10 14:34:43,short,25337.25,25338.5,-10.0,3,breakout_ask_wall@25340.00,stop_loss
2025-10-10 14:35:10,2025-10-10 14:35:17,short,25338.25,25339.5,-10.0,7,breakout_ask_wall@25350.00,stop_loss
2025-10-10 14:35:25,2025-10-10 14:35:35,short,25338.0,25339.25,-10.0,10,breakout_ask_wall@25350.00,stop_loss
2025-10-10 14:36:10,2025-10-10 14:36:11,short,25335.25,25336.5,-10.0,1,breakout_ask_wall@25340.00,stop_loss
2025-10-10 14:36:25,2025-10-10 14:36:27,short,25334.75,25332.25,20.0,2,breakout_ask_wall@25340.00,profit_target
2025-10-10 14:36:30,2025-10-10 14:36:34,short,25333.25,25330.75,20.0,4,breakout_ask_wall@25340.00,profit_target
2025-10-10 14:37:30,2025-10-10 14:37:35,short,25336.25,25337.5,-10.0,5,breakout_ask_wall@25340.00,stop_loss
2025-10-10 14:38:25,2025-10-10 14:38:32,short,25331.5,25332.75,-10.0,7,breakout_ask_wall@25320.00,stop_loss
2025-10-10 14:38:35,2025-10-10 14:38:37,short,25334.25,25331.75,20.0,2,breakout_ask_wall@25340.00,profit_target
2025-10-10 14:39:10,2025-10-10 14:39:12,short,25335.5,25336.75,-10.0,2,breakout_ask_wall@25340.00,stop_loss
2025-10-10 14:39:35,2025-10-10 14:40:20,short,25333.5,25331.0,20.0,45,breakout_ask_wall@25340.00,profit_target
2025-10-10 14:40:50,2025-10-10 14:40:57,short,25327.0,25324.5,20.0,7,breakout_ask_wall@25320.00,profit_target
2025-10-10 14:41:00,2025-10-10 14:41:03,short,25325.25,25326.5,-10.0,3,breakout_ask_wall@25320.00,stop_loss
2025-10-10 14:41:05,2025-10-10 14:41:12,short,25326.5,25324.0,20.0,7,breakout_ask_wall@25320.00,profit_target
2025-10-10 14:41:55,2025-10-10 14:41:57,short,25321.0,25322.25,-10.0,2,breakout_ask_wall@25320.00,stop_loss
2025-10-10 14:42:05,2025-10-10 14:42:14,short,25322.0,25319.5,20.0,9,breakout_ask_wall@25320.00,profit_target
2025-10-10 14:42:25,2025-10-10 14:42:31,short,25318.75,25320.0,-10.0,6,breakout_ask_wall@25320.00,stop_loss
2025-10-10 14:43:00,2025-10-10 14:43:05,short,25319.5,25320.75,-10.0,5,breakout_ask_wall@25320.00,stop_loss
2025-10-10 14:43:10,2025-10-10 14:43:15,short,25323.25,25324.5,-10.0,5,breakout_ask_wall@25320.00,stop_loss
2025-10-10 14:43:25,2025-10-10 14:43:26,short,25327.25,25328.5,-10.0,1,breakout_ask_wall@25320.00,stop_loss
2025-10-10 14:43:30,2025-10-10 14:43:56,short,25326.75,25328.0,-10.0,26,breakout_ask_wall@25320.00,stop_loss
2025-10-10 14:44:15,2025-10-10 14:44:17,short,25339.25,25340.5,-10.0,2,breakout_ask_wall@25350.00,stop_loss
2025-10-10 14:44:20,2025-10-10 14:44:21,short,25338.75,25340.0,-10.0,1,breakout_ask_wall@25350.00,stop_loss
2025-10-10 14:45:05,2025-10-10 14:45:11,short,25337.75,25339.0,-10.0,6,breakout_ask_wall@25350.00,stop_loss
2025-10-10 14:45:25,2025-10-10 14:45:36,short,25341.0,25338.5,20.0,11,breakout_ask_wall@25350.00,profit_target
2025-10-10 14:45:40,2025-10-10 14:45:42,short,25341.5,25342.75,-10.0,2,breakout_ask_wall@25350.00,stop_loss
2025-10-10 14:46:20,2025-10-10 14:46:23,short,25341.0,25338.5,20.0,3,breakout_ask_wall@25350.00,profit_target
2025-10-10 14:46:35,2025-10-10 14:46:37,short,25338.25,25339.5,-10.0,2,breakout_ask_wall@25350.00,stop_loss
2025-10-10 14:46:45,2025-10-10 14:46:54,short,25341.75,25339.25,20.0,9,breakout_ask_wall@25350.00,profit_target
2025-10-10 14:46:55,2025-10-10 14:47:00,short,25338.5,25339.75,-10.0,5,breakout_ask_wall@25350.00,stop_loss
2025-10-10 14:47:25,2025-10-10 14:47:26,short,25340.25,25341.5,-10.0,1,breakout_ask_wall@25350.00,stop_loss
2025-10-10 14:47:30,2025-10-10 14:47:34,short,25342.5,25343.75,-10.0,4,breakout_ask_wall@25350.00,stop_loss
2025-10-10 14:47:35,2025-10-10 14:47:39,short,25344.5,25345.75,-10.0,4,breakout_ask_wall@25350.00,stop_loss
2025-10-10 14:47:40,2025-10-10 14:47:45,short,25346.25,25347.5,-10.0,5,breakout_ask_wall@25350.00,stop_loss
2025-10-10 14:48:00,2025-10-10 14:48:17,short,25351.0,25352.25,-10.0,17,breakout_ask_wall@25360.00,stop_loss
2025-10-10 14:48:30,2025-10-10 14:48:37,short,25355.75,25353.25,20.0,7,breakout_ask_wall@25360.00,profit_target
2025-10-10 14:49:00,2025-10-10 14:49:05,short,25351.25,25348.75,20.0,5,breakout_ask_wall@25360.00,profit_target
2025-10-10 14:49:25,2025-10-10 14:49:47,short,25351.0,25352.25,-10.0,22,breakout_ask_wall@25360.00,stop_loss
2025-10-10 14:50:50,2025-10-10 14:51:01,short,25348.5,25349.75,-10.0,11,breakout_ask_wall@25360.00,stop_loss
2025-10-10 14:51:05,2025-10-10 14:51:13,short,25350.75,25348.25,20.0,8,breakout_ask_wall@25360.00,profit_target
2025-10-10 14:51:15,2025-10-10 14:51:27,short,25346.5,25347.75,-10.0,12,breakout_ask_wall@25350.00,stop_loss
2025-10-10 14:52:00,2025-10-10 14:52:04,short,25349.75,25347.25,20.0,4,breakout_ask_wall@25360.00,profit_target
2025-10-10 14:52:05,2025-10-10 14:52:20,short,25347.5,25345.0,20.0,15,breakout_ask_wall@25360.00,profit_target
2025-10-10 14:52:25,2025-10-10 14:52:31,short,25344.25,25341.75,20.0,6,breakout_ask_wall@25350.00,profit_target
2025-10-10 14:53:05,2025-10-10 14:53:12,short,25334.5,25335.75,-10.0,7,breakout_ask_wall@25340.00,stop_loss
2025-10-10 14:53:45,2025-10-10 14:54:07,short,25333.75,25335.0,-10.0,22,breakout_ask_wall@25340.00,stop_loss
2025-10-10 14:54:20,2025-10-10 14:54:23,short,25335.75,25337.0,-10.0,3,breakout_ask_wall@25340.00,stop_loss
2025-10-10 14:54:35,2025-10-10 14:54:52,short,25338.25,25339.5,-10.0,17,breakout_ask_wall@25350.00,stop_loss
2025-10-10 14:55:00,2025-10-10 14:55:06,short,25340.5,25341.75,-10.0,6,breakout_ask_wall@25350.00,stop_loss
2025-10-10 14:55:10,2025-10-10 14:55:22,short,25341.5,25342.75,-10.0,12,breakout_ask_wall@25350.00,stop_loss
2025-10-10 14:55:25,2025-10-10 14:55:27,short,25343.0,25344.25,-10.0,2,breakout_ask_wall@25350.00,stop_loss
2025-10-10 14:55:30,2025-10-10 14:55:31,short,25343.0,25340.5,20.0,1,breakout_ask_wall@25350.00,profit_target
2025-10-10 14:55:35,2025-10-10 14:55:43,short,25340.75,25338.25,20.0,8,breakout_ask_wall@25350.00,profit_target
2025-10-10 14:55:45,2025-10-10 14:55:48,short,25336.25,25337.5,-10.0,3,breakout_ask_wall@25340.00,stop_loss
2025-10-10 14:56:05,2025-10-10 14:56:06,short,25338.0,25339.25,-10.0,1,breakout_ask_wall@25350.00,stop_loss
2025-10-10 14:56:10,2025-10-10 14:56:16,short,25341.5,25342.75,-10.0,6,breakout_ask_wall@25350.00,stop_loss
2025-10-10 14:56:20,2025-10-10 14:56:38,short,25343.25,25340.75,20.0,18,breakout_ask_wall@25350.00,profit_target
2025-10-10 14:57:50,2025-10-10 14:57:53,short,25342.25,25339.75,20.0,3,breakout_ask_wall@25350.00,profit_target
2025-10-10 14:58:25,2025-10-10 14:58:26,short,25219.5,25220.75,-10.0,1,breakout_ask_wall@25230.00,stop_loss
2025-10-10 14:58:30,2025-10-10 14:58:31,short,25224.75,25226.0,-10.0,1,breakout_ask_wall@25230.00,stop_loss
2025-10-10 14:58:35,2025-10-10 14:58:37,short,25240.75,25238.25,20.0,2,breakout_ask_wall@25250.00,profit_target
2025-10-10 14:58:40,2025-10-10 14:58:41,short,25219.25,25220.5,-10.0,1,breakout_ask_wall@25230.00,stop_loss
2025-10-10 14:58:45,2025-10-10 14:58:46,short,25226.25,25223.75,20.0,1,breakout_ask_wall@25230.00,profit_target
2025-10-10 14:59:10,2025-10-10 14:59:12,short,25172.25,25169.75,20.0,2,breakout_ask_wall@25165.00,profit_target
2025-10-10 15:00:10,2025-10-10 15:00:11,short,25144.25,25141.75,20.0,1,breakout_ask_wall@25138.00,profit_target
2025-10-10 15:00:15,2025-10-10 15:00:16,short,25144.25,25145.5,-10.0,1,breakout_ask_wall@25138.00,stop_loss
2025-10-10 15:00:40,2025-10-10 15:00:41,short,25070.0,25071.25,-10.0,1,breakout_ask_wall@25073.00,stop_loss
2025-10-10 15:00:45,2025-10-10 15:00:46,short,25113.5,25114.75,-10.0,1,breakout_ask_wall@25125.00,stop_loss
2025-10-10 15:01:25,2025-10-10 15:01:26,short,25079.0,25080.25,-10.0,1,breakout_ask_wall@25086.00,stop_loss
2025-10-10 15:01:30,2025-10-10 15:01:31,short,25069.0,25070.25,-10.0,1,breakout_ask_wall@25073.00,stop_loss
2025-10-10 15:01:35,2025-10-10 15:01:36,short,25076.0,25077.25,-10.0,1,breakout_ask_wall@25086.00,stop_loss
2025-10-10 15:02:05,2025-10-10 15:02:06,short,25064.25,25065.5,-10.0,1,breakout_ask_wall@25073.00,stop_loss
2025-10-10 15:02:10,2025-10-10 15:02:11,short,25059.0,25060.25,-10.0,1,breakout_ask_wall@25050.00,stop_loss
2025-10-10 15:03:00,2025-10-10 15:03:02,short,25024.0,25025.25,-10.0,2,breakout_ask_wall@25030.00,stop_loss
2025-10-10 15:03:15,2025-10-10 15:03:16,short,25071.0,25072.25,-10.0,1,breakout_ask_wall@25073.00,stop_loss
2025-10-10 15:03:25,2025-10-10 15:03:26,short,25072.25,25073.5,-10.0,1,breakout_ask_wall@25073.00,stop_loss
2025-10-10 15:03:50,2025-10-10 15:03:51,short,25065.25,25066.5,-10.0,1,breakout_ask_wall@25073.00,stop_loss
2025-10-10 15:03:55,2025-10-10 15:03:57,short,25059.75,25061.0,-10.0,2,breakout_ask_wall@25050.00,stop_loss
2025-10-10 15:04:30,2025-10-10 15:04:31,short,25017.25,25014.75,20.0,1,breakout_ask_wall@25005.00,profit_target
2025-10-10 15:04:40,2025-10-10 15:04:41,short,25009.0,25010.25,-10.0,1,breakout_ask_wall@25000.00,stop_loss
2025-10-10 15:04:45,2025-10-10 15:04:46,short,25016.0,25017.25,-10.0,1,breakout_ask_wall@25005.00,stop_loss
2025-10-10 15:05:35,2025-10-10 15:05:37,short,25026.25,25027.5,-10.0,2,breakout_ask_wall@25030.00,stop_loss
2025-10-10 15:05:45,2025-10-10 15:05:46,short,25065.0,25062.5,20.0,1,breakout_ask_wall@25073.00,profit_target
2025-10-10 15:06:45,2025-10-10 15:06:46,short,25078.0,25075.5,20.0,1,breakout_ask_wall@25086.00,profit_target
2025-10-10 15:06:55,2025-10-10 15:06:56,short,25081.25,25078.75,20.0,1,breakout_ask_wall@25086.00,profit_target
2025-10-10 15:07:00,2025-10-10 15:07:01,short,25069.25,25070.5,-10.0,1,breakout_ask_wall@25073.00,stop_loss
2025-10-10 15:07:05,2025-10-10 15:07:07,short,25054.75,25052.25,20.0,2,breakout_ask_wall@25050.00,profit_target
2025-10-10 15:07:10,2025-10-10 15:07:11,short,25044.5,25045.75,-10.0,1,breakout_ask_wall@25050.00,stop_loss
2025-10-10 15:08:45,2025-10-10 15:08:46,short,25023.5,25024.75,-10.0,1,breakout_ask_wall@25030.00,stop_loss
2025-10-10 15:08:50,2025-10-10 15:08:51,short,25017.5,25015.0,20.0,1,breakout_ask_wall@25005.00,profit_target
2025-10-10 15:09:00,2025-10-10 15:09:01,short,25008.0,25009.25,-10.0,1,breakout_ask_wall@25000.00,stop_loss
2025-10-10 15:09:25,2025-10-10 15:09:26,short,24994.0,24995.25,-10.0,1,breakout_ask_wall@25000.00,stop_loss
2025-10-10 15:09:40,2025-10-10 15:09:41,short,24985.0,24986.25,-10.0,1,breakout_ask_wall@24977.00,stop_loss
2025-10-10 15:09:55,2025-10-10 15:09:56,short,24991.0,24992.25,-10.0,1,breakout_ask_wall@25000.00,stop_loss
2025-10-10 15:10:05,2025-10-10 15:10:07,short,25001.75,25003.0,-10.0,2,breakout_ask_wall@25000.00,stop_loss
2025-10-10 15:10:50,2025-10-10 15:10:53,short,25057.0,25054.5,20.0,3,breakout_ask_wall@25050.00,profit_target
2025-10-10 15:11:15,2025-10-10 15:11:16,short,25091.25,25088.75,20.0,1,breakout_ask_wall@25100.00,profit_target
2025-10-10 15:12:50,2025-10-10 15:12:51,short,25027.5,25028.75,-10.0,1,breakout_ask_wall@25030.00,stop_loss
2025-10-10 15:12:55,2025-10-10 15:12:59,short,25041.25,25042.5,-10.0,4,breakout_ask_wall@25050.00,stop_loss
2025-10-10 15:13:05,2025-10-10 15:13:06,short,25054.75,25052.25,20.0,1,breakout_ask_wall@25050.00,profit_target
2025-10-10 15:13:10,2025-10-10 15:13:11,short,25053.75,25051.25,20.0,1,breakout_ask_wall@25050.00,profit_target
2025-10-10 15:13:25,2025-10-10 15:13:27,short,25063.0,25060.5,20.0,2,breakout_ask_wall@25073.00,profit_target
2025-10-10 15:14:05,2025-10-10 15:14:06,short,25082.75,25080.25,20.0,1,breakout_ask_wall@25086.00,profit_target
2025-10-10 15:14:15,2025-10-10 15:14:19,short,25075.5,25073.0,20.0,4,breakout_ask_wall@25086.00,profit_target
2025-10-10 15:14:20,2025-10-10 15:14:21,short,25072.25,25069.75,20.0,1,breakout_ask_wall@25073.00,profit_target
2025-10-10 15:14:25,2025-10-10 15:14:26,short,25071.75,25069.25,20.0,1,breakout_ask_wall@25073.00,profit_target
2025-10-10 15:14:40,2025-10-10 15:14:41,short,25066.5,25067.75,-10.0,1,breakout_ask_wall@25073.00,stop_loss
2025-10-10 15:15:40,2025-10-10 15:15:41,short,25059.25,25060.5,-10.0,1,breakout_ask_wall@25050.00,stop_loss
2025-10-10 15:15:55,2025-10-10 15:15:58,short,25054.0,25055.25,-10.0,3,breakout_ask_wall@25050.00,stop_loss
2025-10-10 15:16:00,2025-10-10 15:16:01,short,25065.25,25066.5,-10.0,1,breakout_ask_wall@25073.00,stop_loss
2025-10-10 15:16:10,2025-10-10 15:16:11,short,25050.0,25047.5,20.0,1,breakout_ask_wall@25050.00,profit_target
2025-10-10 15:16:20,2025-10-10 15:16:22,short,25041.75,25039.25,20.0,2,breakout_ask_wall@25050.00,profit_target
2025-10-10 15:16:30,2025-10-10 15:16:31,short,25031.5,25032.75,-10.0,1,breakout_ask_wall@25030.00,stop_loss
2025-10-10 15:16:50,2025-10-10 15:16:52,short,25019.0,25016.5,20.0,2,breakout_ask_wall@25030.00,profit_target
2025-10-10 15:16:55,2025-10-10 15:16:56,short,25022.5,25020.0,20.0,1,breakout_ask_wall@25030.00,profit_target
2025-10-10 15:17:05,2025-10-10 15:17:08,short,25015.5,25016.75,-10.0,3,breakout_ask_wall@25005.00,stop_loss
2025-10-10 15:18:45,2025-10-10 15:18:46,short,24943.75,24945.0,-10.0,1,breakout_ask_wall@24950.00,stop_loss
2025-10-10 15:18:50,2025-10-10 15:18:52,short,24945.5,24946.75,-10.0,2,breakout_ask_wall@24950.00,stop_loss
2025-10-10 15:19:00,2025-10-10 15:19:01,short,24940.25,24941.5,-10.0,1,breakout_ask_wall@24950.00,stop_loss
2025-10-10 15:19:15,2025-10-10 15:19:16,short,24940.5,24938.0,20.0,1,breakout_ask_wall@24950.00,profit_target
2025-10-10 15:19:30,2025-10-10 15:19:33,short,24919.75,24921.0,-10.0,3,breakout_ask_wall@24930.00,stop_loss
2025-10-10 15:19:35,2025-10-10 15:19:38,short,24934.0,24935.25,-10.0,3,breakout_ask_wall@24930.00,stop_loss
2025-10-10 15:20:05,2025-10-10 15:20:06,short,24951.5,24949.0,20.0,1,breakout_ask_wall@24950.00,profit_target
2025-10-10 15:20:10,2025-10-10 15:20:11,short,24933.75,24931.25,20.0,1,breakout_ask_wall@24930.00,profit_target
2025-10-10 15:20:50,2025-10-10 15:20:58,short,24915.0,24912.5,20.0,8,breakout_ask_wall@24920.00,profit_target
2025-10-10 15:21:05,2025-10-10 15:21:08,short,24899.0,24896.5,20.0,3,breakout_ask_wall@24900.00,profit_target
2025-10-10 15:21:25,2025-10-10 15:21:27,short,24888.5,24889.75,-10.0,2,breakout_ask_wall@24900.00,stop_loss
2025-10-10 15:22:50,2025-10-10 15:22:51,short,24890.5,24891.75,-10.0,1,breakout_ask_wall@24900.00,stop_loss
2025-10-10 15:22:55,2025-10-10 15:22:56,short,24891.5,24889.0,20.0,1,breakout_ask_wall@24900.00,profit_target
2025-10-10 15:23:35,2025-10-10 15:23:37,short,24878.75,24880.0,-10.0,2,breakout_ask_wall@24890.00,stop_loss
2025-10-10 15:23:40,2025-10-10 15:23:42,short,24879.75,24877.25,20.0,2,breakout_ask_wall@24890.00,profit_target
2025-10-10 15:24:00,2025-10-10 15:24:01,short,24863.75,24865.0,-10.0,1,breakout_ask_wall@24865.00,stop_loss
2025-10-10 15:24:10,2025-10-10 15:24:13,short,24840.0,24841.25,-10.0,3,breakout_ask_wall@24850.00,stop_loss
2025-10-10 15:24:15,2025-10-10 15:24:16,short,24854.25,24851.75,20.0,1,breakout_ask_wall@24865.00,profit_target
2025-10-10 15:24:20,2025-10-10 15:24:22,short,24857.25,24858.5,-10.0,2,breakout_ask_wall@24865.00,stop_loss
2025-10-10 15:25:00,2025-10-10 15:25:01,short,24831.25,24832.5,-10.0,1,breakout_ask_wall@24820.00,stop_loss
2025-10-10 15:25:05,2025-10-10 15:25:07,short,24839.25,24836.75,20.0,2,breakout_ask_wall@24850.00,profit_target
2025-10-10 15:25:10,2025-10-10 15:25:11,short,24840.5,24838.0,20.0,1,breakout_ask_wall@24850.00,profit_target
2025-10-10 15:25:15,2025-10-10 15:25:16,short,24820.75,24818.25,20.0,1,breakout_ask_wall@24820.00,profit_target
2025-10-10 15:25:25,2025-10-10 15:25:26,short,24818.5,24816.0,20.0,1,breakout_ask_wall@24820.00,profit_target
2025-10-10 15:25:45,2025-10-10 15:25:47,short,24814.0,24815.25,-10.0,2,breakout_ask_wall@24820.00,stop_loss
2025-10-10 15:25:50,2025-10-10 15:25:52,short,24825.0,24822.5,20.0,2,breakout_ask_wall@24820.00,profit_target
2025-10-10 15:25:55,2025-10-10 15:25:57,short,24822.5,24820.0,20.0,2,breakout_ask_wall@24820.00,profit_target
2025-10-10 15:26:10,2025-10-10 15:26:12,short,24843.5,24841.0,20.0,2,breakout_ask_wall@24850.00,profit_target
2025-10-10 15:26:15,2025-10-10 15:26:16,short,24816.5,24817.75,-10.0,1,breakout_ask_wall@24820.00,stop_loss
2025-10-10 15:26:20,2025-10-10 15:26:22,short,24808.0,24809.25,-10.0,2,breakout_ask_wall@24800.00,stop_loss
2025-10-10 15:26:40,2025-10-10 15:26:41,short,24836.75,24838.0,-10.0,1,breakout_ask_wall@24825.00,stop_loss
2025-10-10 15:27:55,2025-10-10 15:27:56,short,24882.25,24883.5,-10.0,1,breakout_ask_wall@24890.00,stop_loss
2025-10-10 15:28:00,2025-10-10 15:28:01,short,24874.75,24872.25,20.0,1,breakout_ask_wall@24865.00,profit_target
2025-10-10 15:29:15,2025-10-10 15:29:16,short,24824.5,24825.75,-10.0,1,breakout_ask_wall@24820.00,stop_loss
2025-10-10 15:29:20,2025-10-10 15:29:22,short,24835.75,24837.0,-10.0,2,breakout_ask_wall@24830.00,stop_loss
2025-10-10 15:29:25,2025-10-10 15:29:28,short,24828.75,24830.0,-10.0,3,breakout_ask_wall@24820.00,stop_loss
2025-10-10 15:29:40,2025-10-10 15:29:43,short,24825.25,24822.75,20.0,3,breakout_ask_wall@24820.00,profit_target
2025-10-10 15:29:45,2025-10-10 15:29:46,short,24822.0,24823.25,-10.0,1,breakout_ask_wall@24820.00,stop_loss
2025-10-10 15:29:50,2025-10-10 15:29:51,short,24827.25,24824.75,20.0,1,breakout_ask_wall@24820.00,profit_target
2025-10-10 15:30:00,2025-10-10 15:30:02,short,24819.0,24816.5,20.0,2,breakout_ask_wall@24820.00,profit_target
2025-10-10 15:30:05,2025-10-10 15:30:06,short,24792.5,24793.75,-10.0,1,breakout_ask_wall@24800.00,stop_loss
2025-10-10 15:30:45,2025-10-10 15:30:46,short,24764.75,24762.25,20.0,1,breakout_ask_wall@24765.75,profit_target
2025-10-10 15:31:05,2025-10-10 15:31:06,short,24756.75,24758.0,-10.0,1,breakout_ask_wall@24750.00,stop_loss
2025-10-10 15:32:05,2025-10-10 15:32:06,short,24766.25,24763.75,20.0,1,breakout_ask_wall@24765.75,profit_target
2025-10-10 15:32:45,2025-10-10 15:32:46,short,24708.5,24706.0,20.0,1,breakout_ask_wall@24700.00,profit_target
2025-10-10 15:32:50,2025-10-10 15:32:52,short,24699.25,24700.5,-10.0,2,breakout_ask_wall@24700.00,stop_loss
2025-10-10 15:33:30,2025-10-10 15:33:31,short,24735.5,24733.0,20.0,1,breakout_ask_wall@24740.00,profit_target
2025-10-10 15:33:50,2025-10-10 15:33:51,short,24722.0,24719.5,20.0,1,breakout_ask_wall@24720.00,profit_target
2025-10-10 15:34:15,2025-10-10 15:34:16,short,24684.5,24682.0,20.0,1,breakout_ask_wall@24680.00,profit_target
2025-10-10 15:34:30,2025-10-10 15:34:31,short,24688.25,24689.5,-10.0,1,breakout_ask_wall@24700.00,stop_loss
2025-10-10 15:34:40,2025-10-10 15:34:41,short,24703.75,24701.25,20.0,1,breakout_ask_wall@24700.00,profit_target
2025-10-10 15:34:55,2025-10-10 15:34:56,short,24718.75,24720.0,-10.0,1,breakout_ask_wall@24720.00,stop_loss
2025-10-10 15:36:15,2025-10-10 15:36:16,short,24757.5,24758.75,-10.0,1,breakout_ask_wall@24750.00,stop_loss
2025-10-10 15:36:20,2025-10-10 15:36:21,short,24754.0,24755.25,-10.0,1,breakout_ask_wall@24750.00,stop_loss
2025-10-10 15:36:50,2025-10-10 15:36:52,short,24757.5,24758.75,-10.0,2,breakout_ask_wall@24750.00,stop_loss
2025-10-10 15:37:10,2025-10-10 15:37:11,short,24758.0,24759.25,-10.0,1,breakout_ask_wall@24750.00,stop_loss
2025-10-10 15:37:15,2025-10-10 15:37:16,short,24765.25,24762.75,20.0,1,breakout_ask_wall@24765.75,profit_target
2025-10-10 15:38:05,2025-10-10 15:38:06,short,24775.5,24776.75,-10.0,1,breakout_ask_wall@24780.00,stop_loss
2025-10-10 15:39:05,2025-10-10 15:39:06,short,24733.5,24731.0,20.0,1,breakout_ask_wall@24726.25,profit_target
2025-10-10 15:39:10,2025-10-10 15:39:11,short,24737.75,24739.0,-10.0,1,breakout_ask_wall@24750.00,stop_loss
2025-10-10 15:39:30,2025-10-10 15:39:31,short,24747.0,24748.25,-10.0,1,breakout_ask_wall@24750.00,stop_loss
2025-10-10 15:39:45,2025-10-10 15:39:47,short,24734.5,24732.0,20.0,2,breakout_ask_wall@24744.50,profit_target
2025-10-10 15:39:50,2025-10-10 15:39:51,short,24722.75,24724.0,-10.0,1,breakout_ask_wall@24720.00,stop_loss
2025-10-10 15:39:55,2025-10-10 15:39:57,short,24728.25,24725.75,20.0,2,breakout_ask_wall@24720.00,profit_target
2025-10-10 15:40:05,2025-10-10 15:40:06,short,24707.75,24705.25,20.0,1,breakout_ask_wall@24700.00,profit_target
2025-10-10 15:40:20,2025-10-10 15:40:21,short,24700.25,24701.5,-10.0,1,breakout_ask_wall@24700.00,stop_loss
2025-10-10 15:40:25,2025-10-10 15:40:26,short,24697.25,24694.75,20.0,1,breakout_ask_wall@24700.00,profit_target
2025-10-10 15:40:30,2025-10-10 15:40:31,short,24690.5,24691.75,-10.0,1,breakout_ask_wall@24700.00,stop_loss
2025-10-10 15:40:55,2025-10-10 15:40:58,short,24704.5,24702.0,20.0,3,breakout_ask_wall@24700.00,profit_target
2025-10-10 15:41:40,2025-10-10 15:41:41,short,24742.75,24744.0,-10.0,1,breakout_ask_wall@24750.00,stop_loss
2025-10-10 15:41:45,2025-10-10 15:41:47,short,24737.0,24738.25,-10.0,2,breakout_ask_wall@24744.50,stop_loss
2025-10-10 15:41:50,2025-10-10 15:41:51,short,24737.25,24738.5,-10.0,1,breakout_ask_wall@24744.50,stop_loss
2025-10-10 15:41:55,2025-10-10 15:41:56,short,24747.0,24744.5,20.0,1,breakout_ask_wall@24750.00,profit_target
2025-10-10 15:42:00,2025-10-10 15:42:01,short,24748.5,24746.0,20.0,1,breakout_ask_wall@24750.00,profit_target
2025-10-10 15:43:00,2025-10-10 15:43:03,short,24780.5,24781.75,-10.0,3,breakout_ask_wall@24780.00,stop_loss
2025-10-10 15:43:55,2025-10-10 15:43:57,short,24791.0,24792.25,-10.0,2,breakout_ask_wall@24800.00,stop_loss
2025-10-10 15:44:20,2025-10-10 15:44:22,short,24813.5,24814.75,-10.0,2,breakout_ask_wall@24820.00,stop_loss
2025-10-10 15:44:25,2025-10-10 15:44:26,short,24822.25,24819.75,20.0,1,breakout_ask_wall@24820.00,profit_target
2025-10-10 15:44:30,2025-10-10 15:44:32,short,24818.0,24819.25,-10.0,2,breakout_ask_wall@24820.00,stop_loss
2025-10-10 15:45:00,2025-10-10 15:45:02,short,24856.5,24857.75,-10.0,2,breakout_ask_wall@24865.00,stop_loss
2025-10-10 15:45:05,2025-10-10 15:45:06,short,24872.75,24874.0,-10.0,1,breakout_ask_wall@24865.00,stop_loss
2025-10-10 15:47:15,2025-10-10 15:47:17,short,24836.75,24838.0,-10.0,2,breakout_ask_wall@24825.00,stop_loss
2025-10-10 15:47:30,2025-10-10 15:47:32,short,24847.5,24845.0,20.0,2,breakout_ask_wall@24850.00,profit_target
2025-10-10 15:47:40,2025-10-10 15:47:41,short,24836.0,24837.25,-10.0,1,breakout_ask_wall@24825.00,stop_loss
2025-10-10 15:47:55,2025-10-10 15:47:57,short,24826.25,24827.5,-10.0,2,breakout_ask_wall@24820.00,stop_loss
2025-10-10 15:49:00,2025-10-10 15:49:01,short,24854.75,24856.0,-10.0,1,breakout_ask_wall@24865.00,stop_loss
2025-10-10 15:50:35,2025-10-10 15:50:37,short,24843.5,24844.75,-10.0,2,breakout_ask_wall@24850.00,stop_loss
2025-10-10 15:50:40,2025-10-10 15:50:42,short,24855.25,24852.75,20.0,2,breakout_ask_wall@24865.00,profit_target
2025-10-10 15:52:45,2025-10-10 15:52:46,short,24862.75,24860.25,20.0,1,breakout_ask_wall@24865.00,profit_target
2025-10-10 15:53:40,2025-10-10 15:53:41,short,24865.5,24863.0,20.0,1,breakout_ask_wall@24865.00,profit_target
2025-10-10 15:54:25,2025-10-10 15:54:26,short,24859.0,24856.5,20.0,1,breakout_ask_wall@24865.00,profit_target
2025-10-10 15:55:20,2025-10-10 15:55:23,short,24836.5,24834.0,20.0,3,breakout_ask_wall@24825.00,profit_target
2025-10-10 15:55:50,2025-10-10 15:55:51,short,24842.5,24840.0,20.0,1,breakout_ask_wall@24850.00,profit_target
2025-10-10 15:57:05,2025-10-10 15:57:07,short,24805.0,24802.5,20.0,2,breakout_ask_wall@24800.00,profit_target
2025-10-10 15:57:30,2025-10-10 15:57:31,short,24787.25,24788.5,-10.0,1,breakout_ask_wall@24780.00,stop_loss
2025-10-10 15:58:10,2025-10-10 15:58:13,short,24777.75,24779.0,-10.0,3,breakout_ask_wall@24780.00,stop_loss
2025-10-10 15:59:35,2025-10-10 15:59:37,short,24813.25,24810.75,20.0,2,breakout_ask_wall@24820.00,profit_target
2025-10-10 15:59:45,2025-10-10 15:59:46,short,24804.5,24805.75,-10.0,1,breakout_ask_wall@24800.00,stop_loss
2025-10-10 15:59:50,2025-10-10 15:59:52,short,24814.25,24815.5,-10.0,2,breakout_ask_wall@24820.00,stop_loss
2025-10-10 16:00:00,2025-10-10 16:00:01,short,24826.25,24823.75,20.0,1,breakout_ask_wall@24820.00,profit_target
2025-10-10 16:02:30,2025-10-10 16:02:33,short,24793.5,24794.75,-10.0,3,breakout_ask_wall@24800.00,stop_loss
2025-10-10 16:02:45,2025-10-10 16:02:48,short,24787.25,24784.75,20.0,3,breakout_ask_wall@24780.00,profit_target
2025-10-10 16:03:00,2025-10-10 16:03:01,short,24781.5,24779.0,20.0,1,breakout_ask_wall@24780.00,profit_target
2025-10-10 16:03:05,2025-10-10 16:03:07,short,24764.0,24761.5,20.0,2,breakout_ask_wall@24756.00,profit_target
2025-10-10 16:03:40,2025-10-10 16:03:41,short,24794.5,24792.0,20.0,1,breakout_ask_wall@24800.00,profit_target
2025-10-10 16:03:45,2025-10-10 16:03:47,short,24781.75,24779.25,20.0,2,breakout_ask_wall@24780.00,profit_target
2025-10-10 16:04:15,2025-10-10 16:04:16,short,24760.5,24758.0,20.0,1,breakout_ask_wall@24750.00,profit_target
2025-10-10 16:04:20,2025-10-10 16:04:21,short,24760.75,24762.0,-10.0,1,breakout_ask_wall@24750.00,stop_loss
2025-10-10 16:04:25,2025-10-10 16:04:26,short,24760.0,24761.25,-10.0,1,breakout_ask_wall@24750.00,stop_loss
2025-10-10 16:04:45,2025-10-10 16:04:47,short,24766.75,24768.0,-10.0,2,breakout_ask_wall@24756.00,stop_loss
2025-10-10 16:04:55,2025-10-10 16:05:01,short,24783.0,24784.25,-10.0,6,breakout_ask_wall@24780.00,stop_loss
2025-10-10 16:06:25,2025-10-10 16:06:26,short,24782.25,24783.5,-10.0,1,breakout_ask_wall@24780.00,stop_loss
2025-10-10 16:06:30,2025-10-10 16:06:35,short,24787.25,24788.5,-10.0,5,breakout_ask_wall@24780.00,stop_loss
2025-10-10 16:06:45,2025-10-10 16:06:50,short,24766.5,24767.75,-10.0,5,breakout_ask_wall@24756.00,stop_loss
2025-10-10 16:07:10,2025-10-10 16:07:11,short,24763.25,24764.5,-10.0,1,breakout_ask_wall@24756.00,stop_loss
2025-10-10 16:08:00,2025-10-10 16:08:01,short,24783.25,24784.5,-10.0,1,breakout_ask_wall@24780.00,stop_loss
2025-10-10 16:08:05,2025-10-10 16:08:07,short,24787.75,24789.0,-10.0,2,breakout_ask_wall@24800.00,stop_loss
2025-10-10 16:08:10,2025-10-10 16:08:11,short,24788.0,24785.5,20.0,1,breakout_ask_wall@24800.00,profit_target
2025-10-10 16:08:15,2025-10-10 16:08:16,short,24788.75,24790.0,-10.0,1,breakout_ask_wall@24800.00,stop_loss
2025-10-10 16:09:00,2025-10-10 16:09:01,short,24800.25,24801.5,-10.0,1,breakout_ask_wall@24800.00,stop_loss
2025-10-10 16:09:05,2025-10-10 16:09:06,short,24800.25,24797.75,20.0,1,breakout_ask_wall@24800.00,profit_target
2025-10-10 16:09:55,2025-10-10 16:10:00,short,24798.0,24795.5,20.0,5,breakout_ask_wall@24800.00,profit_target
2025-10-10 16:10:05,2025-10-10 16:10:06,short,24787.25,24788.5,-10.0,1,breakout_ask_wall@24780.00,stop_loss
2025-10-10 16:10:10,2025-10-10 16:10:11,short,24793.25,24790.75,20.0,1,breakout_ask_wall@24800.00,profit_target
2025-10-10 16:10:20,2025-10-10 16:10:26,short,24775.75,24777.0,-10.0,6,breakout_ask_wall@24780.00,stop_loss
2025-10-10 16:10:30,2025-10-10 16:10:31,short,24774.0,24775.25,-10.0,1,breakout_ask_wall@24780.00,stop_loss
2025-10-10 16:10:40,2025-10-10 16:10:41,short,24771.5,24772.75,-10.0,1,breakout_ask_wall@24780.00,stop_loss
2025-10-10 16:11:10,2025-10-10 16:11:11,short,24758.0,24755.5,20.0,1,breakout_ask_wall@24750.00,profit_target
2025-10-10 16:11:15,2025-10-10 16:11:16,short,24762.25,24763.5,-10.0,1,breakout_ask_wall@24750.00,stop_loss
2025-10-10 16:11:45,2025-10-10 16:11:46,short,24782.25,24783.5,-10.0,1,breakout_ask_wall@24780.00,stop_loss
2025-10-10 16:12:25,2025-10-10 16:12:26,short,24808.5,24809.75,-10.0,1,breakout_ask_wall@24800.00,stop_loss
2025-10-10 16:12:30,2025-10-10 16:12:32,short,24797.0,24798.25,-10.0,2,breakout_ask_wall@24800.00,stop_loss
2025-10-10 16:12:50,2025-10-10 16:12:51,short,24805.25,24802.75,20.0,1,breakout_ask_wall@24800.00,profit_target
2025-10-10 16:13:35,2025-10-10 16:13:36,short,24809.0,24810.25,-10.0,1,breakout_ask_wall@24800.00,stop_loss
2025-10-10 16:13:40,2025-10-10 16:13:41,short,24810.25,24811.5,-10.0,1,breakout_ask_wall@24800.00,stop_loss
2025-10-10 16:14:40,2025-10-10 16:14:44,short,24811.5,24812.75,-10.0,4,breakout_ask_wall@24800.00,stop_loss
2025-10-10 16:15:00,2025-10-10 16:15:04,short,24815.75,24817.0,-10.0,4,breakout_ask_wall@24820.00,stop_loss
2025-10-10 16:15:55,2025-10-10 16:15:56,short,24814.25,24815.5,-10.0,1,breakout_ask_wall@24820.00,stop_loss
2025-10-10 16:16:15,2025-10-10 16:16:16,short,24814.75,24812.25,20.0,1,breakout_ask_wall@24820.00,profit_target
2025-10-10 16:17:40,2025-10-10 16:17:46,short,24766.75,24764.25,20.0,6,breakout_ask_wall@24756.00,profit_target
2025-10-10 16:18:00,2025-10-10 16:18:01,short,24761.75,24763.0,-10.0,1,breakout_ask_wall@24750.00,stop_loss
2025-10-10 16:18:05,2025-10-10 16:18:06,short,24764.75,24762.25,20.0,1,breakout_ask_wall@24756.00,profit_target
2025-10-10 16:20:05,2025-10-10 16:20:06,short,24766.5,24767.75,-10.0,1,breakout_ask_wall@24756.00,stop_loss
2025-10-10 16:20:10,2025-10-10 16:20:11,short,24773.25,24770.75,20.0,1,breakout_ask_wall@24780.00,profit_target
2025-10-10 16:20:25,2025-10-10 16:20:28,short,24775.5,24776.75,-10.0,3,breakout_ask_wall@24780.00,stop_loss
2025-10-10 16:23:00,2025-10-10 16:23:04,short,24793.75,24795.0,-10.0,4,breakout_ask_wall@24800.00,stop_loss
2025-10-10 16:23:05,2025-10-10 16:23:06,short,24797.0,24798.25,-10.0,1,breakout_ask_wall@24800.00,stop_loss
2025-10-10 16:24:00,2025-10-10 16:24:04,short,24833.5,24831.0,20.0,4,breakout_ask_wall@24825.00,profit_target
2025-10-10 16:24:35,2025-10-10 16:24:37,short,24830.5,24828.0,20.0,2,breakout_ask_wall@24820.00,profit_target
2025-10-10 16:24:40,2025-10-10 16:24:42,short,24823.0,24820.5,20.0,2,breakout_ask_wall@24820.00,profit_target
2025-10-10 16:26:50,2025-10-10 16:26:51,short,24809.5,24810.75,-10.0,1,breakout_ask_wall@24800.00,stop_loss
2025-10-10 16:27:00,2025-10-10 16:27:03,short,24810.25,24811.5,-10.0,3,breakout_ask_wall@24800.00,stop_loss
2025-10-10 16:27:25,2025-10-10 16:27:26,short,24810.25,24811.5,-10.0,1,breakout_ask_wall@24800.00,stop_loss
2025-10-10 16:34:35,2025-10-10 16:34:41,short,24781.0,24782.25,-10.0,6,breakout_ask_wall@24780.00,stop_loss
2025-10-10 16:36:05,2025-10-10 16:36:07,short,24780.75,24782.0,-10.0,2,breakout_ask_wall@24780.00,stop_loss
2025-10-10 16:41:30,2025-10-10 16:41:31,short,24769.25,24770.5,-10.0,1,breakout_ask_wall@24780.00,stop_loss
2025-10-10 16:45:00,2025-10-10 16:45:02,short,24735.25,24732.75,20.0,2,breakout_ask_wall@24744.50,profit_target
2025-10-10 16:45:40,2025-10-10 16:45:41,short,24742.5,24740.0,20.0,1,breakout_ask_wall@24750.00,profit_target
2025-10-10 16:51:05,2025-10-10 16:51:13,short,24684.5,24685.75,-10.0,8,breakout_ask_wall@24678.50,stop_loss
2025-10-10 16:52:30,2025-10-10 16:52:31,short,24680.5,24681.75,-10.0,1,breakout_ask_wall@24678.50,stop_loss
2025-10-10 16:52:55,2025-10-10 16:53:00,short,24669.75,24671.0,-10.0,5,breakout_ask_wall@24678.50,stop_loss
2025-10-10 16:54:55,2025-10-10 16:54:58,short,24675.0,24676.25,-10.0,3,breakout_ask_wall@24678.50,stop_loss
2025-10-10 16:55:30,2025-10-10 16:55:32,short,24678.0,24679.25,-10.0,2,breakout_ask_wall@24678.50,stop_loss
2025-10-10 16:56:05,2025-10-10 16:56:08,short,24691.25,24688.75,20.0,3,breakout_ask_wall@24700.00,profit_target
2025-10-10 16:56:15,2025-10-10 16:56:17,short,24682.5,24683.75,-10.0,2,breakout_ask_wall@24678.50,stop_loss
2025-10-10 16:57:30,2025-10-10 16:57:31,short,24677.25,24678.5,-10.0,1,breakout_ask_wall@24678.50,stop_loss
2025-10-10 16:57:45,2025-10-10 16:57:47,short,24677.5,24675.0,20.0,2,breakout_ask_wall@24678.50,profit_target
2025-10-10 16:57:50,2025-10-10 16:57:52,short,24675.0,24672.5,20.0,2,breakout_ask_wall@24678.50,profit_target
2025-10-10 16:57:55,2025-10-10 16:57:56,short,24670.5,24671.75,-10.0,1,breakout_ask_wall@24678.50,stop_loss
2025-10-10 16:58:40,2025-10-10 16:58:41,short,24664.75,24666.0,-10.0,1,breakout_ask_wall@24660.00,stop_loss
2025-10-10 16:58:55,2025-10-10 16:58:57,short,24655.25,24656.5,-10.0,2,breakout_ask_wall@24650.00,stop_loss
2025-10-10 16:59:45,2025-10-10 16:59:46,short,24664.25,24665.5,-10.0,1,breakout_ask_wall@24660.00,stop_loss
2025-10-10 16:59:50,2025-10-10 16:59:52,short,24664.25,24661.75,20.0,2,breakout_ask_wall@24660.00,profit_target
