param_name,trigger_model,trade_side,setup_family,wall_side,delta_flip_pattern,orb_position,time_bucket,atr_regime,session_extreme_location,trades,win_rate,gross_expectancy_ticks,net_expectancy_ticks,avg_hold_seconds,avg_mfe_ticks,avg_mae_ticks,stops,timeouts
S20_A12_SW10_B4_L24x6_L36x12,CONFIRM_6T_PULLBACK,LONG,REJECTION,BID,SELL_TO_BUY_FLIP,BELOW_OR_LOW,CLOSE,NORMAL_VOL,MID_SESSION_RANGE,74,0.4864864864864865,3.918918918918919,-1.4810810810810806,62.726741364864864,20.283783783783782,10.378378378378379,74,0
S20_A16_SW15_B5_L30x8_L44x16,CONFIRM_6T_PULLBACK,LONG,REJECTION,BID,SELL_TO_BUY_FLIP,BELOW_OR_LOW,CLOSE,NORMAL_VOL,MID_SESSION_RANGE,74,0.5,3.7837837837837838,-1.6162162162162157,80.98481147297298,22.743243243243242,11.135135135135135,74,0
S20_A16_SW15_B5_L30x8_L44x16,CONFIRM_8T_PULLBACK,LONG,REJECTION,BID,SELL_TO_BUY_FLIP,BELOW_OR_LOW,CLOSE,NORMAL_VOL,MID_SESSION_RANGE,75,0.5066666666666667,3.2133333333333334,-2.186666666666666,81.78771593333333,22.506666666666668,11.946666666666667,75,0
S20_A16_SW15_B5_L30x8_L44x16,CONFIRM_6T_PULLBACK,LONG,BREAK,ASK,SELL_TO_BUY_FLIP,BELOW_OR_LOW,CLOSE,NORMAL_VOL,MID_SESSION_RANGE,61,0.45901639344262296,2.8360655737704916,-2.563934426229508,72.662073147541,21.24590163934426,9.80327868852459,61,0
S24_A16_SW15_B6_L32x8_L48x18,CONFIRM_8T_PULLBACK,LONG,REJECTION,BID,SELL_TO_BUY_FLIP,BELOW_OR_LOW,CLOSE,NORMAL_VOL,MID_SESSION_RANGE,75,0.5333333333333333,2.52,-2.8799999999999994,92.94394346666667,23.573333333333334,13.266666666666667,75,0
S24_A16_SW15_B6_L32x8_L48x18,CONFIRM_6T_PULLBACK,LONG,BREAK,ASK,SELL_TO_BUY_FLIP,BELOW_OR_LOW,CLOSE,NORMAL_VOL,MID_SESSION_RANGE,61,0.4918032786885246,2.5081967213114753,-2.891803278688524,84.62221008196721,22.475409836065573,11.032786885245901,61,0
S24_A16_SW15_B6_L32x8_L48x18,CONFIRM_6T_PULLBACK,LONG,REJECTION,BID,SELL_TO_BUY_FLIP,BELOW_OR_LOW,CLOSE,NORMAL_VOL,MID_SESSION_RANGE,74,0.5,2.324324324324324,-3.0756756756756753,89.40069001351351,23.175675675675677,12.378378378378379,74,0
S20_A12_SW10_B4_L24x6_L36x12,CONFIRM_6T_PULLBACK,SHORT,BREAK,BID,CONTINUED_SELL,BELOW_OR_LOW,PM_DRIFT,NORMAL_VOL,MID_SESSION_RANGE,200,0.46,2.315,-3.0849999999999995,49.934271685000006,22.465,11.595,200,0
S20_A12_SW10_B4_L24x6_L36x12,CONFIRM_6T_PULLBACK,LONG,BREAK,ASK,SELL_TO_BUY_FLIP,BELOW_OR_LOW,CLOSE,NORMAL_VOL,MID_SESSION_RANGE,61,0.4918032786885246,2.2459016393442623,-3.154098360655737,54.050143245901644,19.262295081967213,9.459016393442623,61,0
S20_A12_SW10_B4_L24x6_L36x12,CONFIRM_8T_PULLBACK,LONG,REJECTION,BID,SELL_TO_BUY_FLIP,BELOW_OR_LOW,CLOSE,NORMAL_VOL,MID_SESSION_RANGE,75,0.4266666666666667,2.013333333333333,-3.3866666666666663,57.69918586666667,18.84,10.813333333333333,75,0
S16_A12_SW10_B4_L20x5_L30x10,CONFIRM_6T_PULLBACK,LONG,BREAK,ASK,SELL_TO_BUY_FLIP,BELOW_OR_LOW,CLOSE,NORMAL_VOL,MID_SESSION_RANGE,61,0.4426229508196721,1.9836065573770492,-3.4163934426229505,44.407651327868855,17.918032786885245,8.114754098360656,61,0
S16_A12_SW10_B4_L20x5_L30x10,CONFIRM_6T_PULLBACK,LONG,REJECTION,BID,SELL_TO_BUY_FLIP,BELOW_OR_LOW,CLOSE,NORMAL_VOL,MID_SESSION_RANGE,74,0.3918918918918919,1.9189189189189189,-3.4810810810810806,48.790168283783785,17.7027027027027,9.162162162162161,74,0
S16_A12_SW10_B4_L20x5_L30x10,CONFIRM_6T_PULLBACK,LONG,BREAK,ASK,CONTINUED_BUY,BELOW_OR_LOW,PM_DRIFT,NORMAL_VOL,MID_SESSION_RANGE,204,0.3088235294117647,1.5931372549019607,-3.8068627450980386,43.04269680392157,18.38235294117647,10.308823529411764,204,0
S16_A12_SW10_B4_L20x5_L30x10,CONFIRM_6T_PULLBACK,SHORT,REJECTION,ASK,CONTINUED_SELL,BELOW_OR_LOW,PM_DRIFT,NORMAL_VOL,MID_SESSION_RANGE,195,0.38974358974358975,1.5487179487179488,-3.8512820512820505,40.30165587179487,20.456410256410255,9.394871794871795,195,0
S20_A12_SW10_B4_L24x6_L36x12,CONFIRM_8T_PULLBACK,SHORT,REJECTION,ASK,CONTINUED_SELL,BELOW_OR_LOW,PM_DRIFT,NORMAL_VOL,MID_SESSION_RANGE,189,0.4656084656084656,1.5449735449735449,-3.8550264550264544,50.625285915343916,22.24867724867725,11.941798941798941,189,0
S20_A12_SW10_B4_L24x6_L36x12,CONFIRM_6T_PULLBACK,SHORT,REJECTION,ASK,CONTINUED_SELL,BELOW_OR_LOW,PM_DRIFT,NORMAL_VOL,MID_SESSION_RANGE,195,0.4461538461538462,1.4564102564102563,-3.943589743589743,47.023667415384615,21.466666666666665,10.615384615384615,195,0
S24_A16_SW15_B6_L32x8_L48x18,CONFIRM_6T_PULLBACK,LONG,BREAK,ASK,CONTINUED_BUY,BELOW_OR_LOW,CLOSE,NORMAL_VOL,MID_SESSION_RANGE,123,0.5528455284552846,1.1951219512195121,-4.204878048780487,106.36181804878048,21.634146341463413,14.105691056910569,123,0
S16_A12_SW10_B4_L20x5_L30x10,CONFIRM_6T_PULLBACK,SHORT,BREAK,BID,CONTINUED_SELL,BELOW_OR_LOW,PM_DRIFT,NORMAL_VOL,MID_SESSION_RANGE,200,0.365,1.12,-4.279999999999999,40.472646454999996,20.155,10.26,200,0
S16_A12_SW10_B4_L20x5_L30x10,CONFIRM_8T_PULLBACK,LONG,BREAK,ASK,CONTINUED_BUY,BELOW_OR_LOW,PM_DRIFT,NORMAL_VOL,MID_SESSION_RANGE,201,0.26865671641791045,1.0497512437810945,-4.350248756218905,41.61414909452736,17.676616915422887,10.35820895522388,201,0
S24_A16_SW15_B6_L32x8_L48x18,CONFIRM_6T_PULLBACK,LONG,REJECTION,BID,CONTINUED_BUY,BELOW_OR_LOW,CLOSE,NORMAL_VOL,MID_SESSION_RANGE,148,0.527027027027027,0.9864864864864865,-4.413513513513513,96.42692324324324,21.64864864864865,12.986486486486486,148,0
S16_A12_SW10_B4_L20x5_L30x10,CONFIRM_8T_PULLBACK,LONG,REJECTION,BID,SELL_TO_BUY_FLIP,BELOW_OR_LOW,CLOSE,NORMAL_VOL,MID_SESSION_RANGE,75,0.3466666666666667,0.76,-4.64,47.102287053333335,16.733333333333334,9.426666666666666,75,0
S20_A16_SW15_B5_L30x8_L44x16,CONFIRM_6T_PULLBACK,SHORT,BREAK,BID,CONTINUED_SELL,BELOW_OR_LOW,PM_DRIFT,NORMAL_VOL,MID_SESSION_RANGE,200,0.43,0.75,-4.6499999999999995,59.07684231,24.135,12.725,200,0
S16_A12_SW10_B4_L20x5_L30x10,CONFIRM_8T_PULLBACK,SHORT,REJECTION,ASK,CONTINUED_SELL,BELOW_OR_LOW,PM_DRIFT,NORMAL_VOL,MID_SESSION_RANGE,189,0.38095238095238093,0.708994708994709,-4.691005291005291,40.81091112698413,20.137566137566136,10.507936507936508,189,0
S20_A16_SW15_B5_L30x8_L44x16,CONFIRM_6T_PULLBACK,LONG,REJECTION,BID,CONTINUED_BUY,BELOW_OR_LOW,CLOSE,NORMAL_VOL,MID_SESSION_RANGE,148,0.4797297297297297,0.7027027027027027,-4.697297297297297,80.5111142972973,20.074324324324323,11.736486486486486,148,0
S24_A16_SW15_B6_L32x8_L48x18,CONFIRM_6T_PULLBACK,SHORT,BREAK,BID,CONTINUED_SELL,BELOW_OR_LOW,PM_DRIFT,NORMAL_VOL,MID_SESSION_RANGE,200,0.425,0.7,-4.699999999999999,68.110642865,25.855,13.975,200,0
S24_A16_SW15_B6_L32x8_L48x18,CONFIRM_8T_PULLBACK,LONG,REJECTION,BID,CONTINUED_BUY,BELOW_OR_LOW,CLOSE,NORMAL_VOL,MID_SESSION_RANGE,146,0.5273972602739726,0.6917808219178082,-4.708219178082191,97.80568916438355,21.30821917808219,13.513698630136986,146,0
S20_A16_SW15_B5_L30x8_L44x16,CONFIRM_8T_PULLBACK,LONG,REJECTION,BID,CONTINUED_BUY,BELOW_OR_LOW,CLOSE,NORMAL_VOL,MID_SESSION_RANGE,146,0.4863013698630137,0.6575342465753424,-4.742465753424657,83.86712969863014,19.86986301369863,12.212328767123287,146,0
S20_A16_SW15_B5_L30x8_L44x16,CONFIRM_6T_PULLBACK,SHORT,REJECTION,ASK,CONTINUED_SELL,BELOW_OR_LOW,PM_DRIFT,NORMAL_VOL,MID_SESSION_RANGE,195,0.4307692307692308,0.6205128205128205,-4.7794871794871785,56.97198660512821,23.892307692307693,11.625641025641025,195,0
S16_A12_SW10_B4_L20x5_L30x10,CONFIRM_6T_PULLBACK,LONG,REJECTION,BID,CONTINUED_BUY,BELOW_OR_LOW,PM_DRIFT,NORMAL_VOL,MID_SESSION_RANGE,200,0.305,0.575,-4.824999999999999,42.066832000000005,17.775,10.16,200,0
S24_A16_SW15_B6_L32x8_L48x18,CONFIRM_6T_PULLBACK,SHORT,REJECTION,ASK,CONTINUED_SELL,BELOW_OR_LOW,PM_DRIFT,NORMAL_VOL,MID_SESSION_RANGE,195,0.4256410256410256,0.48205128205128206,-4.917948717948717,65.66080442051282,25.605128205128207,12.861538461538462,195,0
S24_A16_SW15_B6_L32x8_L48x18,CONFIRM_8T_PULLBACK,LONG,BREAK,ASK,CONTINUED_BUY,BELOW_OR_LOW,CLOSE,NORMAL_VOL,MID_SESSION_RANGE,122,0.5245901639344263,0.2786885245901639,-5.1213114754098354,105.91971371311475,20.852459016393443,14.327868852459016,122,0
S20_A12_SW10_B4_L24x6_L36x12,CONFIRM_6T_PULLBACK,LONG,BREAK,ASK,CONTINUED_BUY,BELOW_OR_LOW,PM_DRIFT,NORMAL_VOL,MID_SESSION_RANGE,204,0.3235294117647059,0.11274509803921569,-5.287254901960784,48.64921360784314,18.681372549019606,12.127450980392156,204,0
S20_A16_SW15_B5_L30x8_L44x16,CONFIRM_8T_PULLBACK,SHORT,REJECTION,ASK,CONTINUED_SELL,BELOW_OR_LOW,PM_DRIFT,NORMAL_VOL,MID_SESSION_RANGE,189,0.4444444444444444,0.05291005291005291,-5.3470899470899464,58.915990074074074,23.703703703703702,12.873015873015873,189,0
S20_A12_SW10_B4_L24x6_L36x12,CONFIRM_8T_PULLBACK,SHORT,BREAK,BID,CONTINUED_SELL,BELOW_OR_LOW,PM_DRIFT,NORMAL_VOL,MID_SESSION_RANGE,191,0.42408376963350786,0.04712041884816754,-5.352879581151832,48.44742985863874,20.87958115183246,12.61780104712042,191,0
S20_A16_SW15_B5_L30x8_L44x16,CONFIRM_6T_PULLBACK,LONG,BREAK,ASK,CONTINUED_BUY,BELOW_OR_LOW,CLOSE,NORMAL_VOL,MID_SESSION_RANGE,123,0.4878048780487805,-0.04878048780487805,-5.448780487804878,87.78653724390244,19.471544715447155,12.804878048780488,123,0
S16_A12_SW10_B4_L20x5_L30x10,CONFIRM_8T_PULLBACK,LONG,REJECTION,BID,CONTINUED_BUY,BELOW_OR_LOW,PM_DRIFT,NORMAL_VOL,MID_SESSION_RANGE,197,0.27918781725888325,-0.19796954314720813,-5.597969543147208,40.70694775634518,16.908629441624367,10.715736040609137,197,0
S20_A12_SW10_B4_L24x6_L36x12,CONFIRM_6T_PULLBACK,LONG,REJECTION,BID,CONTINUED_BUY,BELOW_OR_LOW,CLOSE,NORMAL_VOL,MID_SESSION_RANGE,148,0.3918918918918919,-0.35135135135135137,-5.751351351351351,55.82184368243243,17.16891891891892,11.202702702702704,148,0
S24_A16_SW15_B6_L32x8_L48x18,CONFIRM_8T_PULLBACK,SHORT,REJECTION,ASK,CONTINUED_SELL,BELOW_OR_LOW,PM_DRIFT,NORMAL_VOL,MID_SESSION_RANGE,189,0.42857142857142855,-0.42857142857142855,-5.828571428571428,67.11259373015874,25.12169312169312,14.227513227513228,189,0
S24_A16_SW15_B6_L32x8_L48x18,CONFIRM_8T_PULLBACK,LONG,BREAK,ASK,SELL_TO_BUY_FLIP,BELOW_OR_LOW,CLOSE,NORMAL_VOL,MID_SESSION_RANGE,50,0.42,-0.6,-6.0,89.1143362,19.92,13.64,50,0
S20_A12_SW10_B4_L24x6_L36x12,CONFIRM_8T_PULLBACK,LONG,BREAK,ASK,CONTINUED_BUY,BELOW_OR_LOW,PM_DRIFT,NORMAL_VOL,MID_SESSION_RANGE,201,0.27860696517412936,-0.6069651741293532,-6.006965174129353,46.97012956716417,17.82089552238806,12.283582089552239,201,0
S20_A16_SW15_B5_L30x8_L44x16,CONFIRM_8T_PULLBACK,SHORT,BREAK,BID,CONTINUED_SELL,BELOW_OR_LOW,PM_DRIFT,NORMAL_VOL,MID_SESSION_RANGE,191,0.4293193717277487,-0.675392670157068,-6.0753926701570675,57.34966251308901,22.81675392670157,13.455497382198953,191,0
S20_A12_SW10_B4_L24x6_L36x12,CONFIRM_6T_PULLBACK,LONG,REJECTION,BID,CONTINUED_BUY,BELOW_OR_LOW,PM_DRIFT,NORMAL_VOL,MID_SESSION_RANGE,200,0.325,-0.75,-6.149999999999999,46.53588704,18.145,11.93,200,0
S20_A16_SW15_B5_L30x8_L44x16,CONFIRM_8T_PULLBACK,LONG,BREAK,ASK,CONTINUED_BUY,BELOW_OR_LOW,CLOSE,NORMAL_VOL,MID_SESSION_RANGE,122,0.45901639344262296,-0.7950819672131147,-6.195081967213114,87.35582091803279,18.672131147540984,12.991803278688524,122,0
S16_A12_SW10_B4_L20x5_L30x10,CONFIRM_8T_PULLBACK,SHORT,BREAK,BID,CONTINUED_SELL,BELOW_OR_LOW,PM_DRIFT,NORMAL_VOL,MID_SESSION_RANGE,191,0.34554973821989526,-0.8429319371727748,-6.2429319371727745,38.111198764397905,18.31413612565445,10.973821989528796,191,0
S16_A12_SW10_B4_L20x5_L30x10,CONFIRM_6T_PULLBACK,LONG,REJECTION,BID,CONTINUED_BUY,BELOW_OR_LOW,CLOSE,NORMAL_VOL,MID_SESSION_RANGE,148,0.33783783783783783,-0.8986486486486487,-6.298648648648649,44.87517630405406,15.858108108108109,9.81081081081081,148,0
S24_A16_SW15_B6_L32x8_L48x18,CONFIRM_8T_PULLBACK,SHORT,BREAK,BID,CONTINUED_SELL,BELOW_OR_LOW,PM_DRIFT,NORMAL_VOL,MID_SESSION_RANGE,191,0.4031413612565445,-0.93717277486911,-6.337172774869109,66.99928371204189,24.67539267015707,14.884816753926701,191,0
S16_A12_SW10_B4_L20x5_L30x10,CONFIRM_8T_PULLBACK,LONG,BREAK,ASK,SELL_TO_BUY_FLIP,BELOW_OR_LOW,CLOSE,NORMAL_VOL,MID_SESSION_RANGE,50,0.34,-1.04,-6.439999999999999,46.4763255,15.14,10.18,50,0
S24_A16_SW15_B6_L32x8_L48x18,CONFIRM_6T_PULLBACK,SHORT,REJECTION,ASK,BUY_TO_SELL_FLIP,BELOW_OR_LOW,PM_DRIFT,NORMAL_VOL,MID_SESSION_RANGE,156,0.38461538461538464,-1.0705128205128205,-6.47051282051282,71.78769303846154,24.192307692307693,15.25,156,0
S20_A12_SW10_B4_L24x6_L36x12,CONFIRM_6T_PULLBACK,LONG,BREAK,ASK,CONTINUED_BUY,BELOW_OR_LOW,CLOSE,NORMAL_VOL,MID_SESSION_RANGE,123,0.3821138211382114,-1.1056910569105691,-6.505691056910568,58.61899234146342,15.967479674796747,11.902439024390244,123,0
S20_A12_SW10_B4_L24x6_L36x12,CONFIRM_8T_PULLBACK,LONG,REJECTION,BID,CONTINUED_BUY,BELOW_OR_LOW,CLOSE,NORMAL_VOL,MID_SESSION_RANGE,146,0.3904109589041096,-1.1917808219178083,-6.5917808219178085,56.34214248630137,16.28767123287671,11.821917808219178,146,0
S20_A16_SW15_B5_L30x8_L44x16,CONFIRM_6T_PULLBACK,LONG,BREAK,ASK,CONTINUED_BUY,BELOW_OR_LOW,PM_DRIFT,NORMAL_VOL,MID_SESSION_RANGE,204,0.3284313725490196,-1.2058823529411764,-6.605882352941176,61.24307593627451,20.29901960784314,13.926470588235293,204,0
S16_A12_SW10_B4_L20x5_L30x10,CONFIRM_6T_PULLBACK,LONG,REJECTION,BID,SELL_TO_BUY_FLIP,BELOW_OR_LOW,PM_DRIFT,NORMAL_VOL,MID_SESSION_RANGE,145,0.2689655172413793,-1.2137931034482758,-6.613793103448275,37.48856217931035,15.620689655172415,10.048275862068966,145,0
S20_A16_SW15_B5_L30x8_L44x16,CONFIRM_6T_PULLBACK,SHORT,REJECTION,ASK,BUY_TO_SELL_FLIP,BELOW_OR_LOW,PM_DRIFT,NORMAL_VOL,MID_SESSION_RANGE,156,0.3717948717948718,-1.3012820512820513,-6.701282051282051,58.750725660256414,22.03205128205128,13.493589743589743,156,0
S20_A12_SW10_B4_L24x6_L36x12,CONFIRM_6T_PULLBACK,SHORT,REJECTION,ASK,BUY_TO_SELL_FLIP,BELOW_OR_LOW,PM_DRIFT,NORMAL_VOL,MID_SESSION_RANGE,156,0.36538461538461536,-1.5576923076923077,-6.957692307692307,50.13374033333333,19.602564102564102,13.096153846153847,156,0
S20_A16_SW15_B5_L30x8_L44x16,CONFIRM_8T_PULLBACK,LONG,BREAK,ASK,SELL_TO_BUY_FLIP,BELOW_OR_LOW,CLOSE,NORMAL_VOL,MID_SESSION_RANGE,50,0.34,-1.6,-6.999999999999999,68.13292924000001,17.38,12.16,50,0
S20_A12_SW10_B4_L24x6_L36x12,CONFIRM_8T_PULLBACK,LONG,REJECTION,BID,CONTINUED_BUY,BELOW_OR_LOW,PM_DRIFT,NORMAL_VOL,MID_SESSION_RANGE,197,0.29441624365482233,-1.8020304568527918,-7.202030456852792,46.21851197461929,17.233502538071065,12.583756345177665,197,0
S16_A12_SW10_B4_L20x5_L30x10,CONFIRM_6T_PULLBACK,LONG,BREAK,ASK,SELL_TO_BUY_FLIP,BELOW_OR_LOW,PM_DRIFT,NORMAL_VOL,MID_SESSION_RANGE,143,0.27972027972027974,-1.8531468531468531,-7.253146853146852,38.60233676223776,15.37062937062937,10.552447552447552,143,0
S16_A12_SW10_B4_L20x5_L30x10,CONFIRM_6T_PULLBACK,SHORT,BREAK,BID,BUY_TO_SELL_FLIP,BELOW_OR_LOW,PM_DRIFT,NORMAL_VOL,MID_SESSION_RANGE,144,0.2986111111111111,-1.9097222222222223,-7.309722222222222,41.21513133333333,15.833333333333334,11.42361111111111,144,0
S20_A16_SW15_B5_L30x8_L44x16,CONFIRM_8T_PULLBACK,LONG,BREAK,ASK,CONTINUED_BUY,BELOW_OR_LOW,PM_DRIFT,NORMAL_VOL,MID_SESSION_RANGE,201,0.29850746268656714,-2.0945273631840795,-7.494527363184079,61.936180651741296,19.8407960199005,14.537313432835822,201,0
S20_A12_SW10_B4_L24x6_L36x12,CONFIRM_8T_PULLBACK,LONG,BREAK,ASK,SELL_TO_BUY_FLIP,BELOW_OR_LOW,CLOSE,NORMAL_VOL,MID_SESSION_RANGE,50,0.36,-2.16,-7.559999999999999,51.924942019999996,15.7,12.02,50,0
S20_A12_SW10_B4_L24x6_L36x12,CONFIRM_6T_PULLBACK,LONG,REJECTION,BID,SELL_TO_BUY_FLIP,BELOW_OR_LOW,PM_DRIFT,NORMAL_VOL,MID_SESSION_RANGE,145,0.27586206896551724,-2.179310344827586,-7.5793103448275865,43.219089703448276,16.137931034482758,11.696551724137931,145,0
S16_A12_SW10_B4_L20x5_L30x10,CONFIRM_8T_PULLBACK,LONG,REJECTION,BID,CONTINUED_BUY,BELOW_OR_LOW,CLOSE,NORMAL_VOL,MID_SESSION_RANGE,146,0.3219178082191781,-2.2054794520547945,-7.6054794520547935,43.29319326712329,14.58904109589041,10.356164383561644,146,0
S16_A12_SW10_B4_L20x5_L30x10,CONFIRM_6T_PULLBACK,SHORT,REJECTION,ASK,BUY_TO_SELL_FLIP,BELOW_OR_LOW,PM_DRIFT,NORMAL_VOL,MID_SESSION_RANGE,156,0.28205128205128205,-2.217948717948718,-7.617948717948717,41.698734314102566,16.365384615384617,11.192307692307692,156,0
S20_A12_SW10_B4_L24x6_L36x12,CONFIRM_8T_PULLBACK,LONG,BREAK,ASK,CONTINUED_BUY,BELOW_OR_LOW,CLOSE,NORMAL_VOL,MID_SESSION_RANGE,122,0.3770491803278688,-2.221311475409836,-7.6213114754098354,58.57107686885246,15.172131147540984,12.065573770491802,122,0
S20_A16_SW15_B5_L30x8_L44x16,CONFIRM_6T_PULLBACK,LONG,REJECTION,BID,CONTINUED_BUY,BELOW_OR_LOW,PM_DRIFT,NORMAL_VOL,MID_SESSION_RANGE,200,0.335,-2.235,-7.634999999999999,56.478217585,19.565,13.6,200,0
S24_A16_SW15_B6_L32x8_L48x18,CONFIRM_6T_PULLBACK,LONG,BREAK,ASK,CONTINUED_BUY,BELOW_OR_LOW,PM_DRIFT,NORMAL_VOL,MID_SESSION_RANGE,204,0.31862745098039214,-2.426470588235294,-7.826470588235294,78.28962696078432,21.794117647058822,16.073529411764707,204,0
S16_A12_SW10_B4_L20x5_L30x10,CONFIRM_6T_PULLBACK,LONG,BREAK,ASK,CONTINUED_BUY,BELOW_OR_LOW,CLOSE,NORMAL_VOL,MID_SESSION_RANGE,123,0.3008130081300813,-2.569105691056911,-7.96910569105691,44.93814004878048,13.991869918699187,10.504065040650406,123,0
S16_A12_SW10_B4_L20x5_L30x10,CONFIRM_8T_PULLBACK,SHORT,BREAK,BID,BUY_TO_SELL_FLIP,BELOW_OR_LOW,PM_DRIFT,NORMAL_VOL,MID_SESSION_RANGE,142,0.323943661971831,-2.5704225352112675,-7.970422535211267,41.833818112676056,15.183098591549296,11.816901408450704,142,0
S20_A16_SW15_B5_L30x8_L44x16,CONFIRM_8T_PULLBACK,LONG,REJECTION,BID,CONTINUED_BUY,BELOW_OR_LOW,PM_DRIFT,NORMAL_VOL,MID_SESSION_RANGE,197,0.30456852791878175,-2.583756345177665,-7.983756345177664,57.67898507614213,19.101522842639593,14.131979695431472,197,0
S24_A16_SW15_B6_L32x8_L48x18,CONFIRM_6T_PULLBACK,LONG,REJECTION,BID,CONTINUED_BUY,BELOW_OR_LOW,PM_DRIFT,NORMAL_VOL,MID_SESSION_RANGE,200,0.33,-2.625,-8.025,73.025367565,21.455,15.71,200,0
S16_A12_SW10_B4_L20x5_L30x10,CONFIRM_8T_PULLBACK,SHORT,REJECTION,ASK,BUY_TO_SELL_FLIP,BELOW_OR_LOW,PM_DRIFT,NORMAL_VOL,MID_SESSION_RANGE,146,0.2945205479452055,-2.835616438356164,-8.235616438356164,43.36842610958904,15.773972602739725,12.034246575342467,146,0
S20_A12_SW10_B4_L24x6_L36x12,CONFIRM_6T_PULLBACK,SHORT,BREAK,BID,BUY_TO_SELL_FLIP,BELOW_OR_LOW,PM_DRIFT,NORMAL_VOL,MID_SESSION_RANGE,144,0.3333333333333333,-2.8541666666666665,-8.254166666666666,49.05737734027778,17.25,13.409722222222221,144,0
S24_A16_SW15_B6_L32x8_L48x18,CONFIRM_6T_PULLBACK,SHORT,BREAK,BID,BUY_TO_SELL_FLIP,BELOW_OR_LOW,PM_DRIFT,NORMAL_VOL,MID_SESSION_RANGE,144,0.3263888888888889,-2.923611111111111,-8.323611111111111,69.83788605555554,21.583333333333332,15.729166666666666,144,0
S16_A12_SW10_B4_L20x5_L30x10,CONFIRM_8T_PULLBACK,LONG,REJECTION,BID,SELL_TO_BUY_FLIP,BELOW_OR_LOW,PM_DRIFT,NORMAL_VOL,MID_SESSION_RANGE,140,0.2357142857142857,-3.0285714285714285,-8.428571428571429,35.08463242857143,14.407142857142857,10.692857142857143,140,0
S20_A12_SW10_B4_L24x6_L36x12,CONFIRM_8T_PULLBACK,SHORT,REJECTION,ASK,BUY_TO_SELL_FLIP,BELOW_OR_LOW,PM_DRIFT,NORMAL_VOL,MID_SESSION_RANGE,146,0.363013698630137,-3.1575342465753424,-8.557534246575342,51.21784762328767,18.21917808219178,14.17123287671233,146,0
S20_A12_SW10_B4_L24x6_L36x12,CONFIRM_6T_PULLBACK,LONG,BREAK,ASK,SELL_TO_BUY_FLIP,BELOW_OR_LOW,PM_DRIFT,NORMAL_VOL,MID_SESSION_RANGE,143,0.27972027972027974,-3.2937062937062938,-8.693706293706292,43.063312811188815,15.741258741258742,12.51048951048951,143,0
S16_A12_SW10_B4_L20x5_L30x10,CONFIRM_8T_PULLBACK,LONG,BREAK,ASK,CONTINUED_BUY,BELOW_OR_LOW,CLOSE,NORMAL_VOL,MID_SESSION_RANGE,122,0.30327868852459017,-3.30327868852459,-8.70327868852459,44.10136774590164,13.450819672131148,10.508196721311476,122,0
S24_A16_SW15_B6_L32x8_L48x18,CONFIRM_8T_PULLBACK,LONG,BREAK,ASK,CONTINUED_BUY,BELOW_OR_LOW,PM_DRIFT,NORMAL_VOL,MID_SESSION_RANGE,201,0.29850746268656714,-3.5771144278606966,-8.977114427860696,79.82536606467661,21.029850746268657,16.90547263681592,201,0
S24_A16_SW15_B6_L32x8_L48x18,CONFIRM_8T_PULLBACK,LONG,REJECTION,BID,CONTINUED_BUY,BELOW_OR_LOW,PM_DRIFT,NORMAL_VOL,MID_SESSION_RANGE,197,0.3096446700507614,-3.5786802030456855,-8.978680203045686,74.1169109390863,20.690355329949238,16.401015228426395,197,0
S20_A16_SW15_B5_L30x8_L44x16,CONFIRM_6T_PULLBACK,SHORT,BREAK,BID,BUY_TO_SELL_FLIP,BELOW_OR_LOW,PM_DRIFT,NORMAL_VOL,MID_SESSION_RANGE,144,0.3055555555555556,-3.625,-9.024999999999999,55.72916665277778,18.63888888888889,13.82638888888889,144,0
S24_A16_SW15_B6_L32x8_L48x18,CONFIRM_8T_PULLBACK,SHORT,BREAK,BID,BUY_TO_SELL_FLIP,BELOW_OR_LOW,PM_DRIFT,NORMAL_VOL,MID_SESSION_RANGE,142,0.33098591549295775,-3.683098591549296,-9.083098591549296,68.69981375352113,20.802816901408452,16.161971830985916,142,0
S20_A12_SW10_B4_L24x6_L36x12,CONFIRM_8T_PULLBACK,SHORT,BREAK,BID,BUY_TO_SELL_FLIP,BELOW_OR_LOW,PM_DRIFT,NORMAL_VOL,MID_SESSION_RANGE,142,0.352112676056338,-3.8380281690140845,-9.238028169014084,50.02269969014085,16.246478873239436,13.894366197183098,142,0
S24_A16_SW15_B6_L32x8_L48x18,CONFIRM_8T_PULLBACK,SHORT,REJECTION,ASK,BUY_TO_SELL_FLIP,BELOW_OR_LOW,PM_DRIFT,NORMAL_VOL,MID_SESSION_RANGE,146,0.3287671232876712,-4.136986301369863,-9.536986301369861,65.80973376027397,21.527397260273972,16.45205479452055,146,0
S20_A16_SW15_B5_L30x8_L44x16,CONFIRM_8T_PULLBACK,SHORT,REJECTION,ASK,BUY_TO_SELL_FLIP,BELOW_OR_LOW,PM_DRIFT,NORMAL_VOL,MID_SESSION_RANGE,146,0.2876712328767123,-4.198630136986301,-9.5986301369863,55.63080969178082,19.0,14.5,146,0
S20_A12_SW10_B4_L24x6_L36x12,CONFIRM_8T_PULLBACK,LONG,REJECTION,BID,SELL_TO_BUY_FLIP,BELOW_OR_LOW,PM_DRIFT,NORMAL_VOL,MID_SESSION_RANGE,140,0.2357142857142857,-4.628571428571429,-10.028571428571428,39.98842413571428,14.721428571428572,12.635714285714286,140,0
S16_A12_SW10_B4_L20x5_L30x10,CONFIRM_8T_PULLBACK,LONG,BREAK,ASK,SELL_TO_BUY_FLIP,BELOW_OR_LOW,PM_DRIFT,NORMAL_VOL,MID_SESSION_RANGE,137,0.24087591240875914,-4.751824817518248,-10.151824817518248,35.60633089781022,12.802919708029197,11.554744525547445,137,0
S20_A16_SW15_B5_L30x8_L44x16,CONFIRM_8T_PULLBACK,SHORT,BREAK,BID,BUY_TO_SELL_FLIP,BELOW_OR_LOW,PM_DRIFT,NORMAL_VOL,MID_SESSION_RANGE,142,0.2887323943661972,-5.084507042253521,-10.48450704225352,54.03979445070422,16.95774647887324,14.183098591549296,142,0
S20_A16_SW15_B5_L30x8_L44x16,CONFIRM_6T_PULLBACK,LONG,REJECTION,BID,SELL_TO_BUY_FLIP,BELOW_OR_LOW,PM_DRIFT,NORMAL_VOL,MID_SESSION_RANGE,145,0.27586206896551724,-6.0344827586206895,-11.434482758620689,52.70487143448276,16.50344827586207,13.96551724137931,145,0
S20_A12_SW10_B4_L24x6_L36x12,CONFIRM_8T_PULLBACK,LONG,BREAK,ASK,SELL_TO_BUY_FLIP,BELOW_OR_LOW,PM_DRIFT,NORMAL_VOL,MID_SESSION_RANGE,137,0.24087591240875914,-6.671532846715328,-12.071532846715328,39.97413103649635,13.072992700729927,13.905109489051094,137,0
S20_A16_SW15_B5_L30x8_L44x16,CONFIRM_6T_PULLBACK,LONG,BREAK,ASK,SELL_TO_BUY_FLIP,BELOW_OR_LOW,PM_DRIFT,NORMAL_VOL,MID_SESSION_RANGE,143,0.2867132867132867,-6.979020979020979,-12.379020979020977,51.44426413986014,16.006993006993007,14.461538461538462,143,0
S16_A12_SW10_B4_L20x5_L30x10,CONFIRM_6T_PULLBACK,SHORT,REJECTION,ASK,BUY_TO_SELL_FLIP,BELOW_OR_LOW,CLOSE,NORMAL_VOL,MID_SESSION_RANGE,86,0.16279069767441862,-6.988372093023256,-12.388372093023253,38.733880651162785,11.011627906976743,11.290697674418604,86,0
S24_A16_SW15_B6_L32x8_L48x18,CONFIRM_6T_PULLBACK,LONG,REJECTION,BID,SELL_TO_BUY_FLIP,BELOW_OR_LOW,PM_DRIFT,NORMAL_VOL,MID_SESSION_RANGE,145,0.2620689655172414,-7.151724137931034,-12.551724137931032,62.429979875862074,17.82758620689655,16.413793103448278,145,0
S24_A16_SW15_B6_L32x8_L48x18,CONFIRM_6T_PULLBACK,LONG,BREAK,ASK,SELL_TO_BUY_FLIP,BELOW_OR_LOW,PM_DRIFT,NORMAL_VOL,MID_SESSION_RANGE,143,0.2867132867132867,-7.65034965034965,-13.050349650349649,64.17529713286713,17.643356643356643,17.027972027972027,143,0
S20_A12_SW10_B4_L24x6_L36x12,CONFIRM_6T_PULLBACK,SHORT,REJECTION,ASK,BUY_TO_SELL_FLIP,BELOW_OR_LOW,CLOSE,NORMAL_VOL,MID_SESSION_RANGE,86,0.19767441860465115,-7.662790697674419,-13.062790697674417,47.67931341860465,12.337209302325581,13.593023255813954,86,0
S20_A16_SW15_B5_L30x8_L44x16,CONFIRM_8T_PULLBACK,LONG,REJECTION,BID,SELL_TO_BUY_FLIP,BELOW_OR_LOW,PM_DRIFT,NORMAL_VOL,MID_SESSION_RANGE,140,0.22142857142857142,-7.7785714285714285,-13.178571428571427,48.32527839285714,15.028571428571428,14.471428571428572,140,0
S16_A12_SW10_B4_L20x5_L30x10,CONFIRM_8T_PULLBACK,SHORT,REJECTION,ASK,BUY_TO_SELL_FLIP,BELOW_OR_LOW,CLOSE,NORMAL_VOL,MID_SESSION_RANGE,88,0.1590909090909091,-8.022727272727273,-13.42272727272727,37.24939740909091,10.045454545454545,12.204545454545455,88,0
S24_A16_SW15_B6_L32x8_L48x18,CONFIRM_8T_PULLBACK,LONG,REJECTION,BID,SELL_TO_BUY_FLIP,BELOW_OR_LOW,PM_DRIFT,NORMAL_VOL,MID_SESSION_RANGE,140,0.22142857142857142,-8.778571428571428,-14.178571428571429,60.001163978571434,16.478571428571428,16.978571428571428,140,0
S20_A16_SW15_B5_L30x8_L44x16,CONFIRM_8T_PULLBACK,LONG,BREAK,ASK,SELL_TO_BUY_FLIP,BELOW_OR_LOW,PM_DRIFT,NORMAL_VOL,MID_SESSION_RANGE,137,0.24087591240875914,-9.218978102189782,-14.61897810218978,46.46608571532847,13.284671532846716,15.24087591240876,137,0
S20_A16_SW15_B5_L30x8_L44x16,CONFIRM_6T_PULLBACK,SHORT,REJECTION,ASK,BUY_TO_SELL_FLIP,BELOW_OR_LOW,CLOSE,NORMAL_VOL,MID_SESSION_RANGE,86,0.16279069767441862,-9.313953488372093,-14.713953488372091,59.02980056976744,13.116279069767442,14.976744186046512,86,0
S20_A12_SW10_B4_L24x6_L36x12,CONFIRM_8T_PULLBACK,SHORT,REJECTION,ASK,BUY_TO_SELL_FLIP,BELOW_OR_LOW,CLOSE,NORMAL_VOL,MID_SESSION_RANGE,88,0.19318181818181818,-9.420454545454545,-14.820454545454544,45.19814334090909,10.897727272727273,14.840909090909092,88,0
S16_A12_SW10_B4_L20x5_L30x10,CONFIRM_6T_PULLBACK,SHORT,BREAK,BID,CONTINUED_SELL,BELOW_OR_LOW,CLOSE,NORMAL_VOL,MID_SESSION_RANGE,111,0.07207207207207207,-9.531531531531531,-14.93153153153153,34.07392259459459,8.117117117117116,12.54954954954955,111,0
S16_A12_SW10_B4_L20x5_L30x10,CONFIRM_6T_PULLBACK,SHORT,REJECTION,ASK,CONTINUED_SELL,BELOW_OR_LOW,CLOSE,NORMAL_VOL,MID_SESSION_RANGE,106,0.10377358490566038,-9.820754716981131,-15.22075471698113,36.91932945283019,8.61320754716981,13.18867924528302,106,0
S16_A12_SW10_B4_L20x5_L30x10,CONFIRM_8T_PULLBACK,SHORT,BREAK,BID,BUY_TO_SELL_FLIP,BELOW_OR_LOW,CLOSE,NORMAL_VOL,MID_SESSION_RANGE,62,0.14516129032258066,-9.983870967741936,-15.383870967741935,33.68157116129032,7.080645161290323,13.290322580645162,62,0
S24_A16_SW15_B6_L32x8_L48x18,CONFIRM_8T_PULLBACK,LONG,BREAK,ASK,SELL_TO_BUY_FLIP,BELOW_OR_LOW,PM_DRIFT,NORMAL_VOL,MID_SESSION_RANGE,137,0.23357664233576642,-10.0,-15.399999999999999,59.710699802919706,15.036496350364963,17.905109489051096,137,0
S16_A12_SW10_B4_L20x5_L30x10,CONFIRM_6T_PULLBACK,SHORT,BREAK,BID,BUY_TO_SELL_FLIP,BELOW_OR_LOW,CLOSE,NORMAL_VOL,MID_SESSION_RANGE,63,0.12698412698412698,-10.396825396825397,-15.796825396825396,34.350168158730156,7.4603174603174605,13.11111111111111,63,0
S20_A16_SW15_B5_L30x8_L44x16,CONFIRM_8T_PULLBACK,SHORT,REJECTION,ASK,BUY_TO_SELL_FLIP,BELOW_OR_LOW,CLOSE,NORMAL_VOL,MID_SESSION_RANGE,88,0.1590909090909091,-10.738636363636363,-16.138636363636362,53.994682318181816,11.090909090909092,15.522727272727273,88,0
S16_A12_SW10_B4_L20x5_L30x10,CONFIRM_8T_PULLBACK,SHORT,BREAK,BID,CONTINUED_SELL,BELOW_OR_LOW,CLOSE,NORMAL_VOL,MID_SESSION_RANGE,108,0.05555555555555555,-11.185185185185185,-16.585185185185182,33.218687796296294,6.546296296296297,13.333333333333334,108,0
S20_A12_SW10_B4_L24x6_L36x12,CONFIRM_6T_PULLBACK,SHORT,BREAK,BID,BUY_TO_SELL_FLIP,BELOW_OR_LOW,CLOSE,NORMAL_VOL,MID_SESSION_RANGE,63,0.15873015873015872,-11.428571428571429,-16.82857142857143,42.712303,8.952380952380953,16.0,63,0
S16_A12_SW10_B4_L20x5_L30x10,CONFIRM_8T_PULLBACK,SHORT,REJECTION,ASK,CONTINUED_SELL,BELOW_OR_LOW,CLOSE,NORMAL_VOL,MID_SESSION_RANGE,104,0.057692307692307696,-11.538461538461538,-16.93846153846154,34.99222525,6.730769230769231,13.942307692307692,104,0
S20_A12_SW10_B4_L24x6_L36x12,CONFIRM_6T_PULLBACK,SHORT,REJECTION,ASK,CONTINUED_SELL,BELOW_OR_LOW,CLOSE,NORMAL_VOL,MID_SESSION_RANGE,106,0.12264150943396226,-11.575471698113208,-16.975471698113207,48.756507188679244,9.452830188679245,16.00943396226415,106,0
S20_A12_SW10_B4_L24x6_L36x12,CONFIRM_6T_PULLBACK,SHORT,BREAK,BID,CONTINUED_SELL,BELOW_OR_LOW,CLOSE,NORMAL_VOL,MID_SESSION_RANGE,111,0.08108108108108109,-11.684684684684685,-17.084684684684685,47.544162099099104,8.63063063063063,15.243243243243244,111,0
S24_A16_SW15_B6_L32x8_L48x18,CONFIRM_6T_PULLBACK,SHORT,REJECTION,ASK,BUY_TO_SELL_FLIP,BELOW_OR_LOW,CLOSE,NORMAL_VOL,MID_SESSION_RANGE,86,0.13953488372093023,-11.872093023255815,-17.272093023255813,70.71584761627906,13.453488372093023,17.511627906976745,86,0
S20_A12_SW10_B4_L24x6_L36x12,CONFIRM_8T_PULLBACK,SHORT,BREAK,BID,BUY_TO_SELL_FLIP,BELOW_OR_LOW,CLOSE,NORMAL_VOL,MID_SESSION_RANGE,62,0.16129032258064516,-12.0,-17.4,41.27025019354839,7.887096774193548,16.225806451612904,62,0
S20_A16_SW15_B5_L30x8_L44x16,CONFIRM_6T_PULLBACK,SHORT,BREAK,BID,BUY_TO_SELL_FLIP,BELOW_OR_LOW,CLOSE,NORMAL_VOL,MID_SESSION_RANGE,63,0.1746031746031746,-12.571428571428571,-17.971428571428568,54.70938836507937,9.857142857142858,17.38095238095238,63,0
S24_A16_SW15_B6_L32x8_L48x18,CONFIRM_8T_PULLBACK,SHORT,REJECTION,ASK,BUY_TO_SELL_FLIP,BELOW_OR_LOW,CLOSE,NORMAL_VOL,MID_SESSION_RANGE,88,0.14772727272727273,-12.772727272727273,-18.172727272727272,66.08399728409091,11.965909090909092,18.204545454545453,88,0
S20_A12_SW10_B4_L24x6_L36x12,CONFIRM_8T_PULLBACK,SHORT,BREAK,BID,CONTINUED_SELL,BELOW_OR_LOW,CLOSE,NORMAL_VOL,MID_SESSION_RANGE,108,0.08333333333333333,-12.796296296296296,-18.196296296296296,47.269546768518516,7.694444444444445,16.24074074074074,108,0
S20_A16_SW15_B5_L30x8_L44x16,CONFIRM_8T_PULLBACK,SHORT,BREAK,BID,BUY_TO_SELL_FLIP,BELOW_OR_LOW,CLOSE,NORMAL_VOL,MID_SESSION_RANGE,62,0.12903225806451613,-13.112903225806452,-18.51290322580645,50.545878645161295,8.241935483870968,17.20967741935484,62,0
S20_A12_SW10_B4_L24x6_L36x12,CONFIRM_8T_PULLBACK,SHORT,REJECTION,ASK,CONTINUED_SELL,BELOW_OR_LOW,CLOSE,NORMAL_VOL,MID_SESSION_RANGE,104,0.07692307692307693,-13.490384615384615,-18.890384615384615,46.33485624038462,7.701923076923077,16.990384615384617,104,0
S20_A16_SW15_B5_L30x8_L44x16,CONFIRM_6T_PULLBACK,SHORT,REJECTION,ASK,CONTINUED_SELL,BELOW_OR_LOW,CLOSE,NORMAL_VOL,MID_SESSION_RANGE,106,0.10377358490566038,-13.660377358490566,-19.060377358490566,59.49576779245283,9.622641509433961,17.09433962264151,106,0
S24_A16_SW15_B6_L32x8_L48x18,CONFIRM_6T_PULLBACK,SHORT,REJECTION,ASK,CONTINUED_SELL,BELOW_OR_LOW,CLOSE,NORMAL_VOL,MID_SESSION_RANGE,106,0.12264150943396226,-14.226415094339623,-19.626415094339624,75.35653585849056,11.481132075471699,20.066037735849058,106,0
S24_A16_SW15_B6_L32x8_L48x18,CONFIRM_8T_PULLBACK,SHORT,BREAK,BID,BUY_TO_SELL_FLIP,BELOW_OR_LOW,CLOSE,NORMAL_VOL,MID_SESSION_RANGE,62,0.14516129032258066,-14.548387096774194,-19.948387096774194,65.94831158064515,9.96774193548387,20.20967741935484,62,0
S24_A16_SW15_B6_L32x8_L48x18,CONFIRM_6T_PULLBACK,SHORT,BREAK,BID,BUY_TO_SELL_FLIP,BELOW_OR_LOW,CLOSE,NORMAL_VOL,MID_SESSION_RANGE,63,0.14285714285714285,-14.555555555555555,-19.955555555555552,71.38041376190476,10.904761904761905,20.41269841269841,63,0
S20_A16_SW15_B5_L30x8_L44x16,CONFIRM_6T_PULLBACK,SHORT,BREAK,BID,CONTINUED_SELL,BELOW_OR_LOW,CLOSE,NORMAL_VOL,MID_SESSION_RANGE,111,0.09009009009009009,-14.603603603603604,-20.003603603603604,61.2830404054054,8.963963963963964,17.72972972972973,111,0
S20_A16_SW15_B5_L30x8_L44x16,CONFIRM_8T_PULLBACK,SHORT,BREAK,BID,CONTINUED_SELL,BELOW_OR_LOW,CLOSE,NORMAL_VOL,MID_SESSION_RANGE,108,0.08333333333333333,-15.13888888888889,-20.538888888888888,58.990540342592595,7.9907407407407405,18.203703703703702,108,0
S20_A16_SW15_B5_L30x8_L44x16,CONFIRM_8T_PULLBACK,SHORT,REJECTION,ASK,CONTINUED_SELL,BELOW_OR_LOW,CLOSE,NORMAL_VOL,MID_SESSION_RANGE,104,0.07692307692307693,-15.490384615384615,-20.890384615384615,54.800380221153844,7.8173076923076925,18.192307692307693,104,0
S24_A16_SW15_B6_L32x8_L48x18,CONFIRM_6T_PULLBACK,SHORT,BREAK,BID,CONTINUED_SELL,BELOW_OR_LOW,CLOSE,NORMAL_VOL,MID_SESSION_RANGE,111,0.0990990990990991,-16.34234234234234,-21.742342342342344,76.4629604954955,10.108108108108109,20.882882882882882,111,0
S24_A16_SW15_B6_L32x8_L48x18,CONFIRM_8T_PULLBACK,SHORT,REJECTION,ASK,CONTINUED_SELL,BELOW_OR_LOW,CLOSE,NORMAL_VOL,MID_SESSION_RANGE,104,0.09615384615384616,-17.201923076923077,-22.601923076923075,70.70784823076923,9.048076923076923,21.451923076923077,104,0
S24_A16_SW15_B6_L32x8_L48x18,CONFIRM_8T_PULLBACK,SHORT,BREAK,BID,CONTINUED_SELL,BELOW_OR_LOW,CLOSE,NORMAL_VOL,MID_SESSION_RANGE,108,0.07407407407407407,-18.175925925925927,-23.575925925925926,74.82518192592592,8.25925925925926,21.52777777777778,108,0
